subject,stage,window_index,FC6_mean_amp,FC6_peak_pos,FC6_peak_neg,FC6_ptp,FC6_std,FC6_auc,POZ_mean_amp,POZ_peak_pos,POZ_peak_neg,POZ_ptp,POZ_std,POZ_auc,C2_mean_amp,C2_peak_pos,C2_peak_neg,C2_ptp,C2_std,C2_auc,F6_mean_amp,F6_peak_pos,F6_peak_neg,F6_ptp,F6_std,F6_auc,PO8_mean_amp,PO8_peak_pos,PO8_peak_neg,PO8_ptp,PO8_std,PO8_auc,Fp1_mean_amp,Fp1_peak_pos,Fp1_peak_neg,Fp1_ptp,Fp1_std,Fp1_auc,P6_mean_amp,P6_peak_pos,P6_peak_neg,P6_ptp,P6_std,P6_auc,FT10_mean_amp,FT10_peak_pos,FT10_peak_neg,FT10_ptp,FT10_std,FT10_auc,CZ_mean_amp,CZ_peak_pos,CZ_peak_neg,CZ_ptp,CZ_std,CZ_auc,FT8_mean_amp,FT8_peak_pos,FT8_peak_neg,FT8_ptp,FT8_std,FT8_auc
EPCTL01,N2,0,-3.5423666756400195e-06,-2.973352920976045e-06,-4.301180988410656e-06,1.3278280674346106e-06,3.6515003420998865e-07,-1.2376770682068864e-06,1.2240109496280865e-07,9.394817854317912e-07,-1.4188907479318352e-06,2.3583725333636265e-06,6.267946712419216e-07,4.3204733882092944e-08,-1.0946867760994577e-07,1.4850999559590606e-06,-1.1833002316542576e-06,2.6684001876133184e-06,7.724580917077729e-07,-3.923015990794717e-08,-1.317010832274757e-06,-9.358593637094337e-07,-1.6121610124266077e-06,6.76301648717174e-07,1.5972919312425142e-07,-4.600331923666363e-07,-1.1433727451553887e-06,-7.16367411182332e-07,-1.8142943406478234e-06,1.0979269294654915e-06,2.582012554578552e-07,-3.9956619967822484e-07,-1.5939562098011671e-06,-5.049723897861046e-07,-3.1286221094290536e-06,2.623649719642949e-06,7.09093577127455e-07,-5.572619527971646e-07,-1.7279026362355677e-06,-2.504997716010035e-07,-4.113491196814929e-06,3.862991425213926e-06,1.1159859748782155e-06,-6.043782629164509e-07,2.2692267615105058e-07,7.262739621395712e-07,-3.1813275947441866e-07,1.0444067216139899e-06,3.0634311953091815e-07,7.94148870007841e-08,-1.9493988777407833e-07,1.4561176234476372e-06,-2.0628510518819474e-06,3.5189686753295844e-06,1.007317265344552e-06,-6.902201494361659e-08,3.960735563968916e-07,2.393009686039567e-06,-2.022083591473375e-06,4.415093277512942e-06,1.3214769556925533e-06,1.374527968188421e-07
EPCTL01,N3,0,-4.140184644472638e-06,-3.00692913512179e-06,-5.201016051347144e-06,2.1940869162253542e-06,5.798425625141111e-07,-1.4465799415003568e-06,-3.915658432072667e-07,1.209493153272506e-06,-2.3487109266155106e-06,3.558204079888017e-06,8.614537744929257e-07,-1.3685818778688044e-07,4.216898550577211e-06,6.122255520605102e-06,2.145955611225999e-06,3.976299909379103e-06,1.232920055863381e-06,1.4740960321872252e-06,-2.46565030541378e-06,-1.4547886608233789e-06,-3.8186166042014116e-06,2.363827943378033e-06,8.323304799904577e-07,-8.61028569584339e-07,-1.7063950605677556e-06,-7.319143459777136e-07,-3.122426495308033e-06,2.3905121493303193e-06,8.758287329920727e-07,-5.958099131296743e-07,-9.66874636082746e-07,3.693487107651001e-07,-2.5976658297100577e-06,2.967014540475158e-06,1.0378909522674208e-06,-3.3768240755783905e-07,1.9749367058540033e-07,2.0310113833975456e-06,-1.1934485201231524e-06,3.224459903520698e-06,9.668642840587388e-07,6.907566481193595e-08,2.887081142297533e-07,1.0565166752145052e-06,-6.665304224047942e-07,1.7230470976192994e-06,4.515609483723618e-07,1.0111098426436832e-07,2.6584865698482666e-06,3.729956757801954e-06,1.7520518353414189e-06,1.977904922460535e-06,5.013713987289881e-07,9.29400724562432e-07,4.718857784159056e-06,6.552775745691005e-06,2.4341974231795778e-06,4.118578322511427e-06,1.224039616105357e-06,1.6498907706544963e-06
EPCTL01,N3,1,-8.575077284622593e-07,1.0751999946534376e-07,-2.4395348545990053e-06,2.547054854064349e-06,6.609319499187168e-07,-2.9887644024548655e-07,8.469158241283868e-07,2.361323122938739e-06,-7.355115679915975e-07,3.0968346909303365e-06,7.669355302815951e-07,2.9564561976519397e-07,1.158576107561604e-06,2.2401278447422187e-06,-1.1543399846951871e-06,3.3944678294374056e-06,1.0055515588584609e-06,4.0443750826450695e-07,-1.1933359834229581e-06,-1.1301544005796205e-07,-2.7559582464402554e-06,2.6429428063822933e-06,6.904841569425049e-07,-4.166410789995024e-07,-2.270602088449141e-06,-1.3995315163423003e-06,-3.763669079173005e-06,2.3641375628307047e-06,6.48981267094335e-07,-7.932537100742295e-07,-3.3542110084384375e-06,-2.4058514417701796e-06,-5.296381980071958e-06,2.8905305383017785e-06,8.984249111890584e-07,-1.1717941248994374e-06,-2.7204178175197407e-06,-1.4833445586831205e-06,-4.850689503597216e-06,3.367344944914096e-06,1.0679923993978586e-06,-9.501481141949639e-07,2.2947456824038925e-07,7.301834858478973e-07,-4.035101983273345e-07,1.1336936841752319e-06,3.2498858549858895e-07,8.017420009339412e-08,-1.1452492721012923e-06,2.5392880375576075e-07,-2.8674156030252516e-06,3.1213444067810123e-06,8.801652569293812e-07,-4.001995289528698e-07,1.3293314428014522e-07,2.2642537027175585e-06,-2.4435521876408284e-06,4.707805890358387e-06,1.3364906764625027e-06,4.669087835074484e-08
EPCTL01,N3,2,-5.279907066815071e-06,-1.6230949499160796e-06,-8.743305569513204e-06,7.120210619597124e-06,1.9650068019451086e-06,-1.8450985680781534e-06,-6.376350606347265e-07,9.233644440661931e-07,-1.5892892906031833e-06,2.5126537346693765e-06,7.875460764200309e-07,-2.2322114088150397e-07,1.9707515537647456e-06,5.381357478450606e-06,-8.119548008992422e-07,6.193312279349848e-06,2.060018003992144e-06,6.887470420558408e-07,-2.1906563805653867e-06,-3.96294551382644e-07,-5.157341388899247e-06,4.761046837516603e-06,1.479666383681413e-06,-7.63776336576639e-07,-1.1692423315807939e-06,3.808679080777245e-07,-3.040159270465678e-06,3.4210271785434026e-06,1.1764375006910238e-06,-4.0695570894001496e-07,-5.948144954717465e-07,1.1513570778290235e-06,-2.1889046873375834e-06,3.340261765166607e-06,1.1809954761314444e-06,-2.0629242252970727e-07,6.632490364421834e-07,2.871546108011959e-06,-1.0598827909217248e-06,3.931428898933684e-06,1.2935511623350226e-06,2.3319268603619183e-07,-2.914793997608643e-07,8.325580509007256e-07,-1.703753802584607e-06,2.5363118534853324e-06,6.110825134013226e-07,-1.017145777689619e-07,8.322661740697794e-07,2.9827674285358225e-06,-1.8603923154956375e-06,4.84315974403146e-06,1.8983213825276017e-06,2.9167079452699323e-07,1.682475892557333e-06,4.602010424313443e-06,-1.845449725792554e-06,6.447460150105996e-06,2.4010414174946916e-06,5.892309526354655e-07
EPCTL01,N3,3,8.829473551958514e-07,3.4693009340259643e-06,-3.909747567493448e-06,7.379048501519412e-06,1.9011812913538064e-06,3.099835352012479e-07,-2.346973152387431e-07,1.4129104920199948e-06,-2.0851252192505153e-06,3.49803571127051e-06,8.714431648505588e-07,-8.191034089606512e-08,-1.1642849948721047e-06,9.430363313696224e-07,-4.694267829902404e-06,5.637304161272026e-06,1.7427606277260975e-06,-4.07807402476644e-07,-3.029421509607432e-07,2.5208938750181335e-06,-3.5195913076608717e-06,6.040485182679005e-06,2.0527001752199835e-06,-1.0516287123180047e-07,-4.2085416672966185e-07,1.1697845754831212e-06,-2.2849013103330447e-06,3.454685885816166e-06,1.1620700478796585e-06,-1.4654104185701682e-07,2.693091426987076e-07,1.3816858123707754e-06,-2.1467666026331212e-06,3.5284524150038964e-06,1.0019384320736541e-06,9.517282595260336e-08,1.337048651337979e-06,3.1811111445936334e-06,-2.5461143349469263e-06,5.727225479540559e-06,1.4946609020539114e-06,4.688614293898756e-07,3.0257364151062964e-07,1.4201783555696321e-06,-9.852186098881915e-07,2.4053969654578236e-06,5.647139757345996e-07,1.0581556411101825e-07,-2.624894505904059e-07,2.460999312582162e-06,-2.9280187612569927e-06,5.389018073839155e-06,1.7633775326675678e-06,-9.193984405920226e-08,-2.3610526744437288e-07,3.7294011236038512e-06,-3.5766481262026633e-06,7.3060492498065145e-06,2.512270461621013e-06,-8.2421948286276e-08
EPCTL01,W,0,-7.873083640328554e-07,1.7073226781031464e-06,-2.8729280205294516e-06,4.580250698632598e-06,1.3437217909455797e-06,-2.757254532498785e-07,-7.392035149363175e-08,5.93236824740162e-07,-1.1059336842703474e-06,1.6991705090105094e-06,4.282146703132353e-07,-2.5519380728808503e-08,-2.258421135871067e-09,1.0148911260082086e-06,-1.3656042897880122e-06,2.3804954157962206e-06,5.738371069509587e-07,-1.0044500294009154e-09,2.699948186041242e-07,8.287363129099578e-07,-7.506663411092959e-07,1.5794026540192537e-06,3.3996028073998724e-07,9.414710738690056e-08,9.411571867258632e-07,2.1166984601695234e-06,-4.300203179736911e-07,2.5467187781432145e-06,5.899372039993962e-07,3.286886170411353e-07,-3.7915611069828585e-07,6.442894643734323e-07,-1.8445809080100486e-06,2.488870372383481e-06,7.25959119382308e-07,-1.328023665521193e-07,-4.595123325505014e-07,6.601062357339538e-07,-2.201127904084491e-06,2.861234139818445e-06,8.681609035049397e-07,-1.6114567654482188e-07,1.1977527548988115e-07,7.782884569503493e-07,-7.443706825349405e-07,1.5226591394852897e-06,3.7380987890548147e-07,4.2053523864262495e-08,2.273964316662766e-07,1.175298272016423e-06,-1.0450507462359612e-06,2.220349018252384e-06,5.746713670221332e-07,7.933972697664621e-08,5.791580737035467e-07,1.8853531098225018e-06,-9.04423935317628e-07,2.7897770451401298e-06,7.87838364915042e-07,2.024542163302331e-07
EPCTL01,W,1,1.5390348820326022e-06,4.140108105829267e-06,-1.722426934154252e-06,5.862535039983519e-06,1.9765423728154323e-06,5.383314199228277e-07,1.4041011176624186e-07,1.2277842444595136e-06,-8.622710013937003e-07,2.090055245853214e-06,4.395487971528826e-07,4.9406584987623635e-08,-4.823214059997395e-07,8.360885634417153e-07,-1.9214775336253838e-06,2.7575660970670992e-06,6.314687812195775e-07,-1.6887308388975333e-07,1.4668221457311695e-06,3.4990204097105604e-06,-9.162583909977182e-07,4.415278800708279e-06,1.171848431866044e-06,5.130410471082629e-07,1.2063741847238468e-06,2.76295320553632e-06,-1.8476882344220252e-07,2.9477220289785226e-06,7.557115112060396e-07,4.2165424827199443e-07,-2.3312056940156361e-07,2.0943933487495643e-06,-2.5683554555143977e-06,4.6627488042639616e-06,1.0737310270496929e-06,-8.141372340933263e-08,-4.227140899107097e-07,1.5856659010744159e-06,-2.4296928346880557e-06,4.015358735762472e-06,1.1621805870028823e-06,-1.4781197971794923e-07,5.156063049850559e-08,8.940981915558292e-07,-8.640830046790322e-07,1.7581811962348614e-06,4.0527471003150424e-07,1.8395949396567758e-08,-6.321815812191254e-07,1.5078722120326826e-07,-1.420146098167444e-06,1.5709333193707121e-06,3.9353065937944054e-07,-2.207321457244089e-07,-4.631003822491634e-07,8.626139944453283e-07,-2.0951509974082626e-06,2.9577649918535907e-06,5.818885649808676e-07,-1.6175968511673216e-07
EPCTL01,N2,0,-1.7162267476493798e-06,-4.451975975930631e-07,-2.8396631139091463e-06,2.3944655163160834e-06,5.783122840359403e-07,-6.0020765141818e-07,-5.65014600788267e-07,7.640352760775572e-07,-1.866941737811713e-06,2.63097701388927e-06,8.155212529174052e-07,-1.9739798412146527e-07,2.322941684038387e-06,3.7099538213921993e-06,1.2474895487012962e-06,2.4624642726909033e-06,6.48234776967678e-07,8.114736813844724e-07,-1.6859751948569261e-06,1.8733254636194e-08,-3.3685554529558746e-06,3.3872887075920684e-06,1.1798048049956493e-06,-5.888560131092084e-07,-1.2666892512302879e-06,5.144015804640722e-07,-2.9594153100184783e-06,3.4738168904825506e-06,1.2072224713852917e-06,-4.4233567456669644e-07,-5.013580368776255e-07,1.8850747025995662e-06,-2.969581227371024e-06,4.85465592997059e-06,1.5975937929750653e-06,-1.7514179972626456e-07,3.0284806530287496e-07,3.3546434867279346e-06,-2.9327000786042343e-06,6.2873435653321685e-06,2.054768603704892e-06,1.0576464765620064e-07,-3.4134091987775797e-07,2.3503595587611575e-07,-1.7288650300524238e-06,1.9639009859285396e-06,5.358351404247352e-07,-1.1885368663739444e-07,1.9015979904863257e-06,3.87342901457244e-06,-2.6914847730100506e-08,3.9003438623025405e-06,1.238691106782027e-06,6.646252932862131e-07,4.117317857619005e-06,6.552333205035599e-06,1.6529658382491548e-06,4.899367366786444e-06,1.9112806437907082e-06,1.4391849102835564e-06
EPCTL01,N3,0,4.3823170312659803e-07,1.850962013227177e-06,-5.919108163597831e-07,2.4428728295869603e-06,7.506195481452656e-07,1.5349966438621832e-07,-2.4724128821071045e-06,4.6106855098240106e-07,-4.71703300143679e-06,5.178101552419191e-06,1.2928836758614201e-06,-8.643687164524871e-07,7.06189594898919e-07,1.3254717764464058e-06,-8.105391796853126e-08,1.4065256944149371e-06,4.032880148100617e-07,2.4692470692592577e-07,8.176794743300329e-07,1.8987135332806807e-06,-5.82790473416332e-07,2.4815040066970126e-06,7.651728445904627e-07,2.8561564867571564e-07,4.308296825939205e-07,1.2904573873438165e-06,-6.33718077038295e-07,1.9241754643821115e-06,5.175420260362121e-07,1.505557538955713e-07,1.0801805998907524e-06,2.507858458085808e-06,8.960110847811891e-08,2.418257349607689e-06,6.139105563175409e-07,3.776364964152042e-07,1.5513179637982897e-06,3.553741570013777e-06,3.19810609283093e-07,3.2339309607306842e-06,9.543284799221152e-07,5.424128905314422e-07,-1.4121327455121552e-06,2.4418741282582737e-07,-2.6327963114236756e-06,2.876983724249503e-06,6.696374512260535e-07,-4.936908931167516e-07,5.725115284028404e-07,1.3290296401704642e-06,-4.850779589271181e-07,1.8141075990975823e-06,5.812288715336294e-07,2.000249720080803e-07,1.8437808481166678e-06,3.5549345082646744e-06,-4.876838170817449e-07,4.042618325346419e-06,1.2493082426299004e-06,6.446208392871283e-07
EPCTL01,N3,0,-2.1209274550512816e-06,6.127841567895802e-08,-4.719397898236485e-06,4.7806763139154425e-06,1.2033632919771786e-06,-7.400153505032198e-07,-1.022779511496876e-06,1.3377100400595976e-06,-2.7001406120592145e-06,4.037850652118812e-06,1.1680823197603643e-06,-3.5802164614010715e-07,9.758416085013374e-08,1.9595224691090577e-06,-2.376625021773961e-06,4.336147490883019e-06,1.2589648976940647e-06,3.318384839318194e-08,-1.942069134819163e-06,-8.928376002999369e-07,-3.377641416291972e-06,2.484803815992035e-06,7.789927262738291e-07,-6.77490192638518e-07,-1.3585998750892375e-06,-4.797700001310823e-07,-2.6449803301432025e-06,2.1652103300121202e-06,6.350147878333115e-07,-4.738096554314737e-07,-1.0744666871626485e-06,5.629851874296075e-07,-2.91320869178929e-06,3.4761938792188977e-06,1.191611186089964e-06,-3.74481399539671e-07,-5.948594028729413e-07,2.1046528056532404e-06,-3.5746780129597194e-06,5.679330818612959e-06,1.9722710707691805e-06,-2.0680998193297576e-07,-3.8102983418077266e-07,9.577757188928832e-07,-1.505307811521762e-06,2.463083530414645e-06,7.442925542789866e-07,-1.333275614054583e-07,2.994288853922534e-07,1.7589524207501148e-06,-1.6893018248753238e-06,3.4482542456254386e-06,1.2132771927752725e-06,1.0445436561534566e-07,1.5953154690430234e-06,4.28497039754673e-06,-1.84918860199031e-06,6.13415899953704e-06,2.297056415278368e-06,5.576693585548547e-07
EPCTL01,N3,1,-1.2710515213974251e-06,1.5775998166377981e-06,-4.988523645354955e-06,6.566123461992753e-06,2.125767336020339e-06,-4.4339162395692516e-07,8.272538462396331e-08,1.8274823581987635e-06,-1.5842168152245454e-06,3.411699173423309e-06,1.161785829494528e-06,2.8887096072940088e-08,1.8332732377534086e-06,3.432681666300567e-06,-4.7574161171984133e-07,3.908423278020408e-06,9.8181674570961e-07,6.40736259776164e-07,-3.8322906093076284e-07,3.199680062184924e-06,-5.441221485547268e-06,8.640901547732192e-06,2.9134491871316045e-06,-1.3233077289787162e-07,-3.220261025724003e-07,2.8684360323350174e-06,-4.221161410715867e-06,7.089597443050885e-06,2.428870975867957e-06,-1.1136070677022806e-07,5.8880524119425554e-08,3.9014292566903275e-06,-4.107045608596511e-06,8.008474865286838e-06,2.8442323338743905e-06,2.1987607254755378e-08,9.088060582811801e-07,5.6097797621150585e-06,-4.0702396664802085e-06,9.680019428595267e-06,3.510095498618914e-06,3.190421185993108e-07,1.362224680128297e-07,1.1599229186709492e-06,-1.2829344156404059e-06,2.4428573343113553e-06,6.112569225978508e-07,4.779911845103878e-08,8.695939061756129e-07,2.6190794054422323e-06,-1.073467060326366e-06,3.6925464657685982e-06,1.3128047274255585e-06,3.0450318299634284e-07,2.6967662510309457e-06,5.557699635955903e-06,-4.3840448703178457e-07,5.996104122987687e-06,2.2556191320502163e-06,9.434871205871591e-07
EPCTL01,N2,0,1.2205383039514572e-06,2.826414089144321e-06,-1.9927056584134562e-07,3.025684654985667e-06,7.930618360387011e-07,4.263274998786327e-07,-1.1665278205593847e-06,7.542354312593625e-08,-2.971677771930076e-06,3.047101315056012e-06,8.307087763552596e-07,-4.071653481632412e-07,-7.863718932641063e-07,4.0393894771094963e-07,-2.4106685655084763e-06,2.8146075132194257e-06,7.397117374464297e-07,-2.748023415204142e-07,4.929595397615039e-07,1.7197902047736569e-06,-3.700046992215273e-07,2.0897949039951842e-06,4.3085928465409454e-07,1.7236577801721233e-07,9.248576448745682e-08,1.299285756793839e-06,-8.759015016756077e-07,2.175187258469447e-06,4.3140508163928654e-07,3.243501547904942e-08,6.415582466973219e-07,2.207503138751635e-06,-9.402845509799396e-07,3.147787689731574e-06,8.011028569875291e-07,2.242466998986217e-07,1.145278951733702e-06,3.474639561477417e-06,-1.3693334387781998e-06,4.843973000255617e-06,1.3826995245582632e-06,4.0021095353741506e-07,-4.0749250972992625e-07,1.704273151855075e-07,-1.3337569749238716e-06,1.504184290109379e-06,4.214536853747026e-07,-1.4203150952099634e-07,-9.5923384523063e-07,1.3915687725699544e-07,-2.119574317053635e-06,2.2587311943106302e-06,7.588610825076589e-07,-3.3552562199212904e-07,-9.63207963023984e-07,1.3321137003282073e-06,-3.6054484383272342e-06,4.937562138655441e-06,1.713107901835939e-06,-3.368041750939223e-07
EPCTL01,R,0,-1.2656961208455764e-06,2.2603058240047746e-07,-3.046936694537612e-06,3.2729672769380895e-06,9.908357270928638e-07,-4.4277962042109766e-07,-7.126165973606342e-07,3.130028974536006e-07,-1.8491133107509004e-06,2.1621162082045012e-06,5.786152906554951e-07,-2.486420854889751e-07,-4.762286321896862e-08,6.177827605035161e-07,-9.343748370523745e-07,1.5521575975558905e-06,5.20518229222572e-07,-1.7165056196395944e-08,-7.848457666027986e-07,1.9281086809699985e-07,-1.5748704539034877e-06,1.7676813220004875e-06,5.145522147708854e-07,-2.74169851336505e-07,-7.77014759525998e-07,-5.959008800229651e-08,-1.4298912113981443e-06,1.3703011233958477e-06,3.863318811263271e-07,-2.7143649287727587e-07,-7.504877344458914e-07,3.849620553694821e-07,-2.0426977899847273e-06,2.4276598453542093e-06,8.155847167421675e-07,-2.624123107678731e-07,-7.132194422972831e-07,7.624418657841481e-07,-2.513596133503742e-06,3.2760379992878903e-06,1.163409702758825e-06,-2.4974994382257876e-07,-1.4247866524092422e-07,5.263924218071278e-07,-8.90265367895613e-07,1.4166577897027409e-06,3.303741155549785e-07,-4.945044832325352e-08,-1.3461352632848178e-07,8.941307108614929e-07,-1.416598610861998e-06,2.310729321723491e-06,6.890931657310011e-07,-4.7199444185640155e-08,4.094313969993756e-07,2.3953366834144383e-06,-1.3509949603809804e-06,3.7463316437954187e-06,1.1876774844048334e-06,1.4303351550366815e-07
EPCTL01,R,0,-1.4018712594207046e-06,6.013821109947471e-09,-2.9903980643031454e-06,2.996411885413093e-06,9.590504769230912e-07,-4.901425386993633e-07,-3.105949803836539e-07,5.726066343962604e-07,-1.7539648203432882e-06,2.3265714547395486e-06,6.654685462837651e-07,-1.0834519934612371e-07,3.712998636792312e-07,1.470094854977167e-06,-3.1190873880157626e-07,1.7820035937787433e-06,5.089797949164328e-07,1.2930882858521927e-07,-9.672693766515724e-07,-3.920831587574073e-08,-1.87998089541617e-06,1.8407725795404292e-06,6.618432933772824e-07,-3.380586056968104e-07,-1.0072799312506127e-06,-2.7649887013716973e-07,-1.6255426117791554e-06,1.3490437416419856e-06,4.5276989047128995e-07,-3.520882163971917e-07,-1.1669495229459167e-06,-5.5841046995874065e-08,-2.3635695882723926e-06,2.3077285412765186e-06,7.532686921380422e-07,-4.0804637219742255e-07,-1.479662328934192e-06,-2.592502436982011e-08,-3.1924422627105043e-06,3.166517238340684e-06,1.022235601793524e-06,-5.175277189553648e-07,3.445046349589745e-08,6.046250865396451e-07,-7.459281535180203e-07,1.3505532400576654e-06,3.805354624650428e-07,1.2218054758904633e-08,-3.1722650805262825e-07,6.757740264619786e-07,-1.5655444495643961e-06,2.2413184760263746e-06,6.414210182415091e-07,-1.1091575137202739e-07,5.2402947140512366e-08,1.5962234144546205e-06,-1.6275713967075017e-06,3.2237948111621224e-06,1.0308083993224564e-06,1.8169680772746874e-08
EPCTL01,R,1,-1.7912538687295944e-06,-7.440934899636405e-07,-2.8662122977268676e-06,2.122118807763227e-06,5.543941638359543e-07,-6.25903308937679e-07,-1.57360272481178e-07,8.325020356032471e-07,-1.1787724088091673e-06,2.011274444412414e-06,5.673460533222053e-07,-5.484109665231673e-08,-1.434226960493318e-07,5.142630918399464e-07,-1.29329417399515e-06,1.8075572658350963e-06,4.914682374115002e-07,-4.99900151679293e-08,-1.2824120588158127e-06,-8.49739340494523e-07,-1.92314383564245e-06,1.0734044951479272e-06,3.1054179086528096e-07,-4.479476565187939e-07,-1.241636388416841e-06,-7.740287257412879e-07,-1.7198516605116818e-06,9.458229347703939e-07,2.5662067556099955e-07,-4.337714391335013e-07,-1.197633882619238e-06,-3.0534831394228015e-07,-2.2560079448025664e-06,1.950659630860286e-06,5.687907674187906e-07,-4.18462331949126e-07,-1.334143199056303e-06,2.617150331178753e-08,-3.0096571717638195e-06,3.035828675075607e-06,9.428624915185506e-07,-4.6625778613697037e-07,3.867521261936047e-09,6.888838986457626e-07,-7.601772882316185e-07,1.4490611868773811e-06,3.7687223694589474e-07,1.5740765000209386e-09,-4.643478546336338e-07,5.223813836176951e-07,-1.479954525518338e-06,2.002335909136033e-06,5.918379441733389e-07,-1.6216543625031834e-07,3.5274208681951874e-07,2.0376873326590448e-06,-1.0996471405819437e-06,3.1373344732409885e-06,1.045653739286562e-06,1.235362320170388e-07
EPCTL01,N2,0,-2.100114040156365e-06,-9.502046228742077e-07,-3.601194684089578e-06,2.6509900612153704e-06,7.862769710160426e-07,-7.336817093509494e-07,-1.5783206727922932e-07,8.107772736137474e-07,-9.204145245640196e-07,1.731191798177767e-06,5.43489948881367e-07,-5.5304192762824034e-08,-8.693974681182809e-07,-1.445746173047892e-07,-2.343872056790163e-06,2.199297439485374e-06,5.828813139921712e-07,-3.037036859778928e-07,-1.6474070056403074e-06,-6.406641498950077e-07,-3.174875094582026e-06,2.5342109446870184e-06,6.975631720380411e-07,-5.75240475694535e-07,-1.4442899619907005e-06,-5.312464985597979e-07,-2.7469597376572955e-06,2.215713239097498e-06,6.262228106075399e-07,-5.04332089383365e-07,-1.2683067801518034e-06,3.636674941542918e-08,-2.6160318228975102e-06,2.6523985723129394e-06,8.731110005196754e-07,-4.4292604517250203e-07,-1.2651988671349897e-06,3.5852670340144764e-07,-3.2340095996669877e-06,3.592536303068435e-06,1.2136028675749431e-06,-4.4192150126407827e-07,-6.199072611658175e-08,4.687561242925968e-07,-6.967512032821341e-07,1.165507327574731e-06,3.1851898764607147e-07,-2.1605979833743184e-08,-8.290521407746384e-07,6.262756981068556e-07,-2.098156013832983e-06,2.7244317119398386e-06,8.634870102353349e-07,-2.897862358552708e-07,-3.1710730225821447e-07,2.1055237918852346e-06,-2.144505339925959e-06,4.250029131811194e-06,1.5735380253652574e-06,-1.1086928712023222e-07
EPCTL01,N2,1,-2.5889809657015673e-06,-1.5105978255549875e-06,-3.9644441297083686e-06,2.453846304153381e-06,5.931237813402493e-07,-9.038880898177822e-07,-6.351668459034176e-07,1.3550618769904601e-06,-1.766432966135981e-06,3.1214948431264414e-06,7.185473044898426e-07,-2.223806863795981e-07,-2.629668073556867e-07,9.029778454510656e-07,-1.3770113887236574e-06,2.279989234174723e-06,6.671013085097038e-07,-9.189434486305184e-08,-1.8645608510861158e-06,-8.19152505574916e-07,-3.4369152006388066e-06,2.6177626950638905e-06,5.554765988508175e-07,-6.50789500100999e-07,-1.4898726798746763e-06,-5.596472509372702e-07,-2.6938071870758e-06,2.13415993613853e-06,4.861102122676029e-07,-5.200344834653998e-07,-1.4719953954818355e-06,-1.709618013669144e-07,-3.058995401186573e-06,2.8880335998196587e-06,8.312399153999463e-07,-5.136265364874533e-07,-1.5063616309027409e-06,2.1073730121171488e-07,-3.383867084728258e-06,3.594604385939973e-06,1.193467217745035e-06,-5.255440996010016e-07,-5.247857511601197e-08,8.869539247093802e-07,-6.832089088209399e-07,1.5701628335303201e-06,3.6443443317194486e-07,-1.8492489410311433e-08,-8.898073265131747e-07,7.844295213142715e-07,-1.932660568747883e-06,2.7170900900621545e-06,8.300480210471637e-07,-3.1040788952294904e-07,-2.570832086799785e-07,2.4921564274354004e-06,-2.1317596531071574e-06,4.623916080542557e-06,1.265714166629133e-06,-8.887488905854917e-08
EPCTL01,N2,2,-1.9983867042268073e-06,1.9846016530407353e-07,-5.154304745163371e-06,5.352764910467445e-06,1.5709639054851484e-06,-6.972726519595228e-07,-1.469066950411832e-06,4.142433522798003e-08,-2.8329347400438812e-06,2.8743590752718614e-06,8.149465354315194e-07,-5.137527686502424e-07,5.769905448331962e-07,1.6325272042898808e-06,-1.2154101649714632e-06,2.847937369261344e-06,7.447546481524786e-07,2.01597032277153e-07,-1.291042920208247e-06,-2.5628005516947483e-07,-3.53201915041534e-06,3.275739095245865e-06,9.78636648152144e-07,-4.5040529722464214e-07,-8.900784764045341e-07,-2.399270471566324e-08,-2.794771405670495e-06,2.770778700954832e-06,8.298512937466394e-07,-3.1036310015308453e-07,-2.2543345703532934e-07,1.3582549577056119e-06,-2.7593404282275682e-06,4.11759538593318e-06,1.307420963630823e-06,-7.780351917867316e-08,4.1413666723084926e-07,3.0631199646527934e-06,-2.9334124879744735e-06,5.9965324526272665e-06,2.0533509002551868e-06,1.4595145996924318e-07,-1.0261121184182428e-06,7.64575264448785e-08,-2.0672060613800202e-06,2.1436635878248988e-06,5.606946785408931e-07,-3.5857642322004457e-07,-4.999845232336571e-07,1.0804508297223068e-06,-2.5880791970481403e-06,3.668530026770447e-06,1.0969578643368272e-06,-1.7392446073026256e-07,5.173607662936172e-07,3.2828780484614893e-06,-3.2721083551810612e-06,6.5549864036425506e-06,1.9780410484634166e-06,1.81985818245827e-07
EPCTL01,N3,0,-1.150394068754723e-06,1.506153139905592e-06,-3.5696036960109152e-06,5.075756835916507e-06,1.758657340419593e-06,-4.006244925800196e-07,-5.356199690645711e-07,9.573727075635799e-07,-2.054838789974718e-06,3.0122114975382977e-06,8.471068919117666e-07,-1.8767164208661358e-07,4.6298866545796485e-07,1.8591193632096755e-06,-1.6811236827425949e-06,3.5402430459522706e-06,1.0752703257404052e-06,1.6219428058816527e-07,-2.1472329949078825e-06,-5.694691187600288e-07,-4.849682127472505e-06,4.2802130087124766e-06,1.198609746004105e-06,-7.490610639653453e-07,-1.5969998641568574e-06,-4.063741023274952e-07,-3.7242379379554974e-06,3.3178638356280023e-06,8.736036348857469e-07,-5.570344541579839e-07,-1.0470447240269813e-06,5.595896456696071e-07,-3.1452937316546146e-06,3.704883377324222e-06,1.1256056225333111e-06,-3.647069662140771e-07,-4.44880216454555e-08,2.4662761678030783e-06,-2.4759290912279718e-06,4.94220525903105e-06,1.681938949624414e-06,-1.404714998611952e-08,-3.5988835713954767e-07,5.79083892698234e-07,-1.2628319766452993e-06,1.8419158693435332e-06,5.622444446617029e-07,-1.2584871410644854e-07,-4.34105960155782e-07,8.309687774409963e-07,-1.7420598714264242e-06,2.5730286488674205e-06,7.087385259285414e-07,-1.5106664140641184e-07,1.4177766064237512e-06,3.944082723365104e-06,-1.533134424645778e-06,5.4772171480108825e-06,1.5122699909601433e-06,4.970764637629799e-07
EPCTL01,N3,1,-8.605775109382703e-07,-2.0893812909313842e-08,-2.52262599958256e-06,2.501732186673246e-06,7.03050051068491e-07,-3.0015343246196913e-07,-4.503737058954841e-07,1.3615208469306106e-06,-2.325394436338637e-06,3.6869152832692475e-06,8.703877861149769e-07,-1.5734861953123906e-07,2.3736319582642318e-07,1.1281520293088316e-06,-6.986611419766796e-07,1.8268131712855111e-06,4.721004560781729e-07,8.297798445751043e-08,4.443355725556239e-07,1.83662435631087e-06,-9.276995113064094e-07,2.7643238676172793e-06,7.15762445421177e-07,1.564160623493262e-07,-2.5276326401120114e-08,1.118359034986186e-06,-1.1115121489776347e-06,2.229871183963821e-06,5.560519987016444e-07,-7.96104335716662e-09,1.0485000050468635e-06,2.0984342383000203e-06,-2.979660660413523e-07,2.396400304341373e-06,7.400390629555439e-07,3.676555073332226e-07,2.2087132151455634e-06,3.7014706050236234e-06,4.2154993166850924e-07,3.279920673355114e-06,1.113659972075128e-06,7.733009269759099e-07,-1.580298340317423e-07,3.51965498959245e-07,-1.0840801844406228e-06,1.4360456833998679e-06,3.798689897231297e-07,-5.4931693667966824e-08,-1.2090670596703838e-07,9.370597888033373e-07,-1.4351375191852625e-06,2.3721973079885997e-06,6.558326669829036e-07,-4.1230229908427314e-08,1.7629817001366995e-06,3.6420228350773866e-06,-6.938226162295924e-07,4.335845451306979e-06,1.3379629155558734e-06,6.177186123984668e-07
EPCTL01,N3,2,-6.179276926366755e-06,-4.311608591039097e-06,-7.473872687459416e-06,3.1622640964203185e-06,7.236005625041752e-07,-2.1597135474956193e-06,1.664469357762655e-06,2.29667805575726e-06,3.713999020588792e-07,1.9252781536983806e-06,4.964157594492821e-07,5.821803682573144e-07,1.6345366738794863e-06,3.3795192057749052e-06,-3.393915856329052e-07,3.7189107914078103e-06,1.2883564718168616e-06,5.716347996298836e-07,-4.788633943905205e-06,-3.786683042397968e-06,-5.640149801502278e-06,1.85346675910431e-06,5.287035628795308e-07,-1.6734011236505457e-06,-3.963506059916672e-06,-3.4522217150807822e-06,-4.62534502285017e-06,1.1731233077693878e-06,3.5251387807123575e-07,-1.3850601289581995e-06,-4.646146579612604e-06,-3.6600588583130807e-06,-5.3311756089781785e-06,1.6711167506650979e-06,3.329704231444982e-07,-1.6239829390161856e-06,-4.7854819787289775e-06,-3.177280692214668e-06,-5.7021202541839e-06,2.524839561969232e-06,5.931113313885978e-07,-1.6727605290568196e-06,7.983190311365134e-07,1.483867707441728e-06,6.671886632973912e-08,1.417148841111989e-06,3.9111114183100377e-07,2.7949875714081433e-07,5.806899216201859e-08,1.294056682821694e-06,-1.707474533724893e-06,3.0015312165465867e-06,1.0797196993771876e-06,2.069405052434223e-08,1.6938227664520994e-06,3.816312344467479e-06,-1.629366764125572e-06,5.445679108593051e-06,1.7547725041124988e-06,5.927511607560211e-07
EPCTL01,N3,3,-6.296724025590731e-07,3.1355335051206787e-06,-4.327534078497258e-06,7.463067583617936e-06,2.7113337588195883e-06,-2.2022013636969337e-07,1.3037387188982816e-06,2.0444798647149317e-06,-5.560002481679618e-07,2.6004801128828936e-06,5.85574413721758e-07,4.56213519228623e-07,-1.1544361541355695e-06,2.451807538423246e-07,-2.5165904425647563e-06,2.7617711964070807e-06,7.75020961153945e-07,-4.034609785261611e-07,6.711750941104393e-07,2.3473118536512054e-06,-1.7053091387365476e-06,4.052620992387753e-06,1.1165500966705664e-06,2.3531109323969955e-07,-5.148790410511377e-07,7.697126469582693e-07,-2.429478944029911e-06,3.19919159098818e-06,8.857164631195995e-07,-1.7938239337694169e-07,-1.500419953831869e-06,4.616590694875835e-07,-3.837195848912511e-06,4.298854918400094e-06,1.544609813667961e-06,-5.241906868627688e-07,-2.398169041640043e-06,1.1148343497904182e-06,-5.64615761296476e-06,6.760991962755178e-06,2.4065322067237938e-06,-8.38484553795502e-07,9.375153013336061e-07,1.7276155402734845e-06,-2.7680152489351733e-07,2.004417065167002e-06,4.575668631715692e-07,3.2835480849560466e-07,-2.3602292028875827e-06,-1.8108957948684092e-06,-3.1254109020937506e-06,1.3145151072253414e-06,4.3949243434742646e-07,-8.245010794867817e-07,-2.288007736230033e-06,-8.80767289659874e-07,-3.986454491738308e-06,3.105687202078434e-06,1.1647045239998843e-06,-7.99281161115882e-07
EPCTL01,N3,4,-2.099888399500986e-09,6.029821342413651e-07,-7.207054941085643e-07,1.3236876283499294e-06,3.8643312939857577e-07,-4.0143978645777553e-10,-8.061070671685964e-07,5.869664926050384e-07,-1.9127932125516845e-06,2.499759705156723e-06,7.399379865622766e-07,-2.819492166191643e-07,-3.779057688781163e-06,-2.2487885696926746e-06,-5.817354515879558e-06,3.5685659461868834e-06,1.1502771634942216e-06,-1.3209480373487192e-06,7.988271334378455e-07,1.7358565072738117e-06,-1.0243846628287929e-06,2.760241170102605e-06,7.050147131168754e-07,2.8035758870534783e-07,5.303142819925593e-07,1.4818958683514816e-06,-1.4070354930805204e-06,2.888931361432002e-06,7.508030293422455e-07,1.8635339625594377e-07,7.083756932289345e-07,2.421156099519394e-06,-2.2412553262608412e-06,4.662411425780235e-06,1.402648544735353e-06,2.4889414055839735e-07,9.79361493463356e-07,3.624316359504083e-06,-3.323895826074549e-06,6.948212185578632e-06,2.310769540711062e-06,3.438468179539721e-07,-6.31675684491073e-07,1.404869539067783e-07,-1.4186010416299296e-06,1.559087995536708e-06,4.819947775103634e-07,-2.2069077235156753e-07,-3.2207629229634023e-06,-1.7614062495166542e-06,-4.829387208575233e-06,3.0679809590585784e-06,1.080575509105243e-06,-1.1250746169627983e-06,-3.2803161994421272e-06,-8.145234003940455e-07,-6.1835367553996714e-06,5.369013355005626e-06,2.0189443110815237e-06,-1.1456709128799775e-06
EPCTL01,N3,5,-3.0768041220528656e-07,1.6620991535067768e-06,-1.9485045484802982e-06,3.610603701987075e-06,9.595884319861204e-07,-1.0601495551547753e-07,-1.177153159015235e-06,9.260623515573957e-07,-1.9246613787600993e-06,2.850723730317495e-06,6.548618923186914e-07,-4.121745851773634e-07,-1.969645248895703e-06,-5.481087179835669e-07,-3.04086845963224e-06,2.4927597416486727e-06,7.118488857573002e-07,-6.877562510223895e-07,3.3866311415441994e-07,1.555033460405252e-06,-1.9436181778692884e-06,3.4986516382745405e-06,9.639582024064509e-07,1.1997152690332756e-07,3.55772642187068e-09,1.420007723799252e-06,-2.3835969490774245e-06,3.8036046728766765e-06,1.0892622841219716e-06,2.462891270256412e-09,-1.1037022779148296e-07,1.8912033995786554e-06,-3.35297535927945e-06,5.244178758858105e-06,1.5692321900945639e-06,-3.691548624717517e-08,6.001740894685266e-07,2.9742978631757416e-06,-3.400316318516678e-06,6.374614181692419e-06,1.9555783648395586e-06,2.1180262341745676e-07,-7.814295089969941e-08,9.82998393794035e-07,-1.2702441031096257e-06,2.2532424969036608e-06,5.309067259238159e-07,-2.7405534918030247e-08,-1.3984286023730043e-06,7.41956912310586e-08,-3.5611261749368925e-06,3.635321866167951e-06,9.459550025006989e-07,-4.875891457672563e-07,-1.9069183266997455e-06,1.3363809165100928e-07,-5.128460440511184e-06,5.262098532162193e-06,1.2756713456597578e-06,-6.646577116081407e-07
EPCTL01,N2,0,-1.3480776924485133e-06,3.1727947086440075e-07,-3.4676798807039218e-06,3.7849593515683225e-06,1.3791853562566816e-06,-4.7089293272942613e-07,1.084897382245078e-07,8.74660663204196e-07,-5.031606883378049e-07,1.377821351542001e-06,3.5294534918796975e-07,3.778699388699028e-08,-1.312850076167099e-06,-8.301844742723299e-09,-2.5468788414933534e-06,2.53857699675063e-06,5.866648961376193e-07,-4.592879238220667e-07,-1.4891961241506872e-06,-3.590247266489618e-07,-3.1190892238107714e-06,2.7600644971618095e-06,8.790653533307491e-07,-5.201491104840704e-07,-1.280386185880621e-06,-4.929436184348409e-07,-2.349557363587744e-06,1.856613745152903e-06,5.346854703444381e-07,-4.4702774978099136e-07,-1.1225068026446539e-06,-4.5542893252223e-08,-2.6385818769647603e-06,2.5930389837125373e-06,8.258317405694258e-07,-3.917937732844708e-07,-6.975462367470356e-07,6.903566830156454e-07,-2.7437169604485194e-06,3.434073643464165e-06,1.1360118329407156e-06,-2.433257712203742e-07,1.4620714004027886e-07,4.74572881400679e-07,-3.119834827246487e-07,7.865563641253278e-07,2.288956574444239e-07,5.116908450131544e-08,-8.213224615105883e-07,1.5077493482821452e-07,-1.8180430732004506e-06,1.968818008028665e-06,5.265853665292665e-07,-2.8692591019293396e-07,-7.80537373736944e-07,7.338318257077137e-07,-1.941769111778686e-06,2.6756009374863995e-06,7.031759715437066e-07,-2.7242850841132635e-07
EPCTL01,N2,1,-2.644072854595036e-06,-1.840136530486998e-06,-3.6797692790637824e-06,1.8396327485767845e-06,5.766830748972507e-07,-9.244977630397801e-07,3.0140982137851243e-07,1.4355503138818665e-06,-6.038081579656214e-07,2.039358471847488e-06,5.967817088749764e-07,1.0532023774987809e-07,-2.517462846762961e-06,-1.6547535560854382e-06,-3.3606421600469338e-06,1.7058886039614956e-06,4.598187050179096e-07,-8.804342042214835e-07,-1.2700279733159685e-06,-2.2839374360137226e-07,-2.1352570155588217e-06,1.9068632719574494e-06,5.765650877091577e-07,-4.435586202048854e-07,-1.121900488165704e-06,3.109477037593858e-08,-1.7434629354470771e-06,1.7745577058230157e-06,4.423306628571135e-07,-3.9159120030724557e-07,-1.5176779137243315e-06,-4.6025991764683775e-07,-2.297906369155245e-06,1.837646451508407e-06,4.1792391604064264e-07,-5.303979209811756e-07,-2.0862916732688974e-06,-1.09051154752595e-06,-3.164873552918892e-06,2.074362005392942e-06,5.816355488410802e-07,-7.294487321287789e-07,4.83231042406007e-07,7.563148572005315e-07,1.4387598660652256e-07,6.12438870594009e-07,1.573456936824684e-07,1.6906698594689894e-07,-1.9539528935437002e-06,-7.896546607296622e-07,-2.861644850825788e-06,2.071990190096126e-06,5.560184006430663e-07,-6.832326785698484e-07,-2.5735915563300854e-06,-7.295112598261133e-07,-3.543478481608312e-06,2.813967221782199e-06,7.303846731793124e-07,-8.998951271146745e-07
EPCTL01,N2,0,-1.0818735364867694e-07,1.6321477871107816e-06,-1.960741167844259e-06,3.5928889549550406e-06,1.03630980302562e-06,-3.6800432322523164e-08,2.469042865512816e-07,9.644547403386075e-07,-7.631060214476816e-07,1.727560761786289e-06,5.787207658857924e-07,8.626780261603185e-08,-3.9841485639560723e-07,1.4403800415797355e-06,-2.104601815961071e-06,3.5449818575408065e-06,9.103868084655996e-07,-1.397076940338908e-07,-1.5901854949404123e-06,1.5671779280730533e-07,-3.22717939503585e-06,3.383897187843155e-06,1.1187702212591036e-06,-5.552493761464363e-07,-1.5909413739392275e-06,-1.7988659628805949e-07,-2.7854765808557748e-06,2.605589984567715e-06,9.007999401372602e-07,-5.558940346561903e-07,-1.2113892956543158e-06,5.664137001605864e-07,-2.6311809024762945e-06,3.197594602636881e-06,1.0720910748143e-06,-4.231337408060926e-07,-5.236201777625097e-07,1.694230435490997e-06,-2.3131074574465424e-06,4.00733789293754e-06,1.2671888917558964e-06,-1.8269503833785e-07,4.207097001448499e-08,5.312599945300782e-07,-4.753117143181547e-07,1.0065717088482329e-06,2.649824614052449e-07,1.4526582261800258e-08,-5.199653356297476e-07,6.112132085032109e-07,-2.2308116738876018e-06,2.842024882390813e-06,9.012155368244783e-07,-1.8238963160427285e-07,-2.812026134174621e-08,8.820087414905341e-07,-1.6553592375436015e-06,2.5373679790341355e-06,8.230475637840021e-07,-1.0228079995398735e-08
EPCTL01,N2,0,-2.627421462303019e-06,-1.5776801564588053e-06,-3.5459181372980775e-06,1.968237980839272e-06,6.940731059780295e-07,-9.183309244437821e-07,-1.6346858282487754e-07,7.199991711780649e-07,-1.1699950193962152e-06,1.88999419057428e-06,5.954563024680766e-07,-5.7084402467303325e-08,-8.899937826854348e-07,2.41474296751856e-07,-2.462750751949892e-06,2.7042250487017483e-06,7.542996096988608e-07,-3.1136428251995755e-07,-1.2401245090227793e-06,-3.335083300325771e-07,-2.1604772199879923e-06,1.8269688899554152e-06,6.252184276767453e-07,-4.33176161737046e-07,-8.096926186359135e-07,5.5664771510088335e-08,-1.5248942282730163e-06,1.5805589997831046e-06,4.899632305899351e-07,-2.8288548064687067e-07,-7.844108335835015e-07,4.527356646380819e-07,-1.8994456403849902e-06,2.352181305023072e-06,7.951721843780423e-07,-2.7396000321811105e-07,-8.251084318705591e-07,8.338539543834679e-07,-2.3583512315673816e-06,3.1922051859508497e-06,1.0555785409709598e-06,-2.8819998636092106e-07,3.794932109608569e-07,8.397914683597726e-07,1.1983330537178802e-08,8.278081378225938e-07,2.818468883981587e-07,1.3262241499479938e-07,-3.9546683532984494e-07,9.321125973292748e-07,-2.181073182936413e-06,3.1131857802656878e-06,9.219458986880325e-07,-1.3854857463515024e-07,-1.9746918423029308e-07,1.2653225939062125e-06,-2.3325697571019567e-06,3.5978923510081694e-06,1.0895048611926886e-06,-6.939571414774496e-08
EPCTL01,N2,0,-2.4300113725531983e-06,-5.501031773547762e-07,-4.345883369206435e-06,3.7957801918516586e-06,1.276687097454507e-06,-8.500568386791701e-07,-8.512533515589194e-07,5.270398341227103e-07,-1.9624724750168213e-06,2.4895123091395314e-06,7.611799321025238e-07,-2.976399391094293e-07,3.817851903774911e-08,9.526003893738797e-07,-2.271430212706565e-06,3.224030602080445e-06,9.523855250747882e-07,1.2792811668886953e-08,-1.0819553123909458e-06,-3.8514653676978805e-07,-1.8834466417890118e-06,1.4983001050192238e-06,4.4431118691927946e-07,-3.780533633272502e-07,-8.815313863698463e-07,-5.1282392182327946e-08,-1.6937571175651401e-06,1.6424747253828122e-06,4.425136351570745e-07,-3.0810677024447394e-07,-3.777426148541199e-07,1.6012380296087607e-06,-1.6209247780358393e-06,3.2221628076446002e-06,1.0375166178251615e-06,-1.3240984366886954e-07,7.359389800288772e-08,3.2008902185911896e-06,-1.7914020097633197e-06,4.992292228354509e-06,1.6577938647469435e-06,2.47849474375933e-08,-3.728787987220143e-07,6.795664534195292e-07,-1.2948201100452286e-06,1.974386563464758e-06,5.424067557605052e-07,-1.302397610003372e-07,4.1233831168926423e-07,1.6638344348822581e-06,-8.731202541432296e-07,2.536954689025488e-06,7.910802635989711e-07,1.4347615341826368e-07,7.630233216336096e-07,3.1850584915394165e-06,-1.1681760174835193e-06,4.353234509022936e-06,1.3883735998388516e-06,2.6568649938753377e-07
EPCTL01,N2,0,-4.988031249329679e-07,1.6691010104169675e-06,-1.8032308187604523e-06,3.47233182917742e-06,1.0592398191713362e-06,-1.732969310616022e-07,-1.030472663098069e-06,2.9550788810958e-07,-2.1993943671073462e-06,2.4949022552169263e-06,6.643563584782287e-07,-3.6080589705397453e-07,-9.895167883251316e-08,1.4713365316749712e-06,-2.3914358028069392e-06,3.86277233448191e-06,1.0270111672571048e-06,-3.386830660433738e-08,-5.847960872120007e-07,9.036651448036903e-07,-1.8873230557017382e-06,2.7909882005054284e-06,8.129637402944954e-07,-2.0383098021615238e-07,-7.704988989142216e-07,5.68120863441714e-07,-1.7143534948124811e-06,2.282474358254195e-06,6.349635481996726e-07,-2.6877490013193367e-07,-6.193018964788718e-07,1.298020822186689e-06,-2.1097708556016593e-06,3.4077916777883484e-06,9.407604902484874e-07,-2.155323461998335e-07,-4.803715648498705e-07,2.03576271290603e-06,-2.966689764982922e-06,5.002452477888952e-06,1.4834598075750872e-06,-1.6668545502837187e-07,-3.96512116571851e-07,5.164669204304115e-08,-1.0684953278063117e-06,1.120142019849353e-06,2.838683659213957e-07,-1.3891365194062066e-07,-1.1244865680988266e-07,1.3485997211647505e-06,-1.8641279166281758e-06,3.212727637792926e-06,8.392915523519121e-07,-3.864513257356557e-08,3.985532577130325e-07,2.520673449719472e-06,-2.6607254447616204e-06,5.181398894481092e-06,1.464191267332497e-06,1.4048517435659108e-07
EPCTL01,N2,1,-1.5437018489462146e-06,4.0805339120200743e-07,-3.124301158230753e-06,3.5323545494327606e-06,1.1401124764611004e-06,-5.392809023008988e-07,-7.345187514312952e-07,7.973529739877919e-07,-1.8870988020024344e-06,2.6844517759902264e-06,7.686276298999681e-07,-2.570691937886784e-07,1.0871621375236775e-07,1.0724905276968366e-06,-1.4016893302823018e-06,2.4741798579791384e-06,7.315971614609611e-07,3.8251544020081633e-08,-4.804517848596466e-07,6.690429794461618e-07,-1.599566612153426e-06,2.268609591599588e-06,6.911366996706537e-07,-1.677186404117398e-07,-6.449585118545883e-07,2.2329057308960854e-07,-1.4108807088773487e-06,1.6341712819669572e-06,5.043955055179382e-07,-2.2523547785265097e-07,-5.147080697174547e-07,6.355419098159164e-07,-1.75777196274506e-06,2.3933138725609763e-06,7.564416938384298e-07,-1.7946180254730734e-07,-2.892226990997171e-07,1.4611943125996534e-06,-2.498819579278869e-06,3.960013891878522e-06,1.2791816261948106e-06,-1.0042745387587535e-07,9.343288314849047e-08,6.174346688356541e-07,-7.523429379090757e-07,1.3697776067447299e-06,3.730045935905509e-07,3.2479113525156704e-08,-6.162399486578584e-09,1.1172879458580652e-06,-9.057218573194869e-07,2.023009803177552e-06,6.034335149351826e-07,-1.940426624998718e-09,5.227344040711684e-07,2.380473461042625e-06,-9.609871661987616e-07,3.3414606272413863e-06,9.813632498707463e-07,1.834263072410336e-07
EPCTL01,R,0,-1.7016349627327844e-06,-9.510760492075538e-07,-2.7233731932876267e-06,1.7722971440800727e-06,4.695068867686597e-07,-5.942795659623869e-07,-4.884267720703913e-07,9.141196147723348e-07,-2.073966437754723e-06,2.988086052527058e-06,8.096168513222548e-07,-1.7106147245640366e-07,3.145033532843705e-08,1.0322947298280813e-06,-1.1893420042644256e-06,2.2216367340925067e-06,6.509031998517814e-07,1.1282674680360393e-08,-1.3408882627160985e-06,-5.50313637395753e-07,-2.078675433458899e-06,1.5283617960631458e-06,3.9832936566076873e-07,-4.683382755641339e-07,-1.0315064352735945e-06,-3.971451955488473e-07,-1.7967191365547687e-06,1.3995739410059215e-06,3.582961028160264e-07,-3.6000497341671393e-07,-8.843386727038274e-07,1.4409467366220258e-07,-1.799413815896374e-06,1.9435084895585766e-06,4.924230673740933e-07,-3.0856997156676834e-07,-5.682106000653898e-07,7.892212151568853e-07,-1.716168941661568e-06,2.5053901568184533e-06,6.257635335076054e-07,-1.980034965009806e-07,-1.0536982923929488e-07,3.969206470738279e-07,-6.309930928865429e-07,1.027913739960371e-06,2.882598722574459e-07,-3.68732813690213e-08,-4.677209644336545e-08,8.621040882296719e-07,-1.1102882562818616e-06,1.9723923445115335e-06,5.573514777940164e-07,-1.6034196823282593e-08,1.4406538239998979e-07,1.2655364102054427e-06,-9.475566106938388e-07,2.2130930208992815e-06,6.165807586937174e-07,5.092218902050047e-08
EPCTL01,R,1,-1.8425193179438343e-07,8.205874898590804e-07,-1.3195786137681294e-06,2.14016610362721e-06,5.667021348774264e-07,-6.421568982139089e-08,-4.626399478357764e-07,6.528737548651643e-07,-2.362294252287003e-06,3.015168007152167e-06,8.060167298507542e-07,-1.615844589375052e-07,7.878310165605645e-08,1.6537262374829142e-06,-1.2059864089503756e-06,2.85971264643329e-06,8.910397612859542e-07,2.7737248246002024e-08,2.4070838818151773e-08,4.703213943050963e-07,-4.5691013128704086e-07,9.272315255921371e-07,2.3316442289350134e-07,8.69268523080649e-09,-3.236270646242249e-07,1.105056917990905e-07,-7.552457453518897e-07,8.657514371509802e-07,1.8719932165739406e-07,-1.1299950082813808e-07,-4.306745229999185e-07,4.925730635897083e-07,-1.408209205414007e-06,1.9007822690037153e-06,5.145826380633728e-07,-1.5052064541147475e-07,-5.358685104052308e-07,6.891511721085999e-07,-1.7756193705736278e-06,2.4647705426822276e-06,6.846131458017643e-07,-1.8748123889853165e-07,9.169520790300352e-08,7.034758382747643e-07,-6.941326251349377e-07,1.397608463409702e-06,3.6526963495819806e-07,3.218795768544949e-08,2.515537077781421e-08,1.5124584974996967e-06,-1.4313561942229095e-06,2.943814691722606e-06,8.344386747444226e-07,8.794633430495773e-09,1.7826833164490514e-08,1.7780686983073016e-06,-1.56251774126224e-06,3.340586439569542e-06,9.743039876267956e-07,6.618100166098521e-09
EPCTL01,R,0,-2.233408466285182e-06,-1.1150616305353476e-06,-3.9830683035600945e-06,2.868006673024747e-06,7.750056230117803e-07,-7.810975164078182e-07,-1.903231961923864e-08,8.098014427019178e-07,-1.0384969565921178e-06,1.8482983992940356e-06,6.246809289553085e-07,-6.278192272449507e-09,2.587820573609778e-07,1.154655749733892e-06,-1.0561953204873926e-06,2.210851070221285e-06,6.346150166275785e-07,9.038899360042859e-08,-1.1398415889798292e-06,-4.839401609840534e-07,-1.943080931412763e-06,1.4591407704287096e-06,4.231358706249321e-07,-3.9825830237277836e-07,-8.830834722612761e-07,-1.6772438296358125e-07,-1.563409880666665e-06,1.3956854977030838e-06,3.6826635014863395e-07,-3.085392370861474e-07,-1.0589320106918887e-06,-1.4921807010815922e-07,-1.7994653568046851e-06,1.6502472866965259e-06,4.79717229868525e-07,-3.700329209531205e-07,-7.002533276407347e-07,4.174318869191718e-07,-1.5014245155544146e-06,1.9188564024735863e-06,4.981059544224834e-07,-2.4479926901482394e-07,2.726569500172234e-07,5.722128204302796e-07,-4.7134517137662743e-07,1.0435579918069071e-06,2.3325015190379426e-07,9.569489199523821e-08,-1.5999713040689112e-07,7.659571750733696e-07,-1.9659036133613023e-06,2.731860788434672e-06,7.886636378289693e-07,-5.5970975989898653e-08,4.886563614498792e-07,1.4971970316419684e-06,-1.3375524507959287e-06,2.8347494824378973e-06,7.868946989256924e-07,1.7087608267003835e-07
EPCTL01,R,1,-1.7148316166267995e-06,-4.5518608876864554e-07,-2.7532632162899067e-06,2.2980771275212613e-06,6.803902178352675e-07,-5.998029329182963e-07,-3.302912266162264e-07,7.865707072166208e-07,-1.4218264351290046e-06,2.2083971423456253e-06,6.692531595154389e-07,-1.1552642082871902e-07,3.6682880140927335e-07,1.5831074761286604e-06,-8.331287604065765e-07,2.416236236535237e-06,6.206356424434885e-07,1.2824840103955085e-07,-1.4837055949844495e-06,-5.594809144228257e-07,-2.4128157275398187e-06,1.8533348131169931e-06,5.36432262568823e-07,-5.1865579296916e-07,-1.2871823273274838e-06,-6.185606179322276e-07,-2.1941735562244475e-06,1.57561293829222e-06,4.315045506898945e-07,-4.4983708889143847e-07,-1.3288031576061757e-06,-3.170971469864874e-07,-2.3443676118829424e-06,2.027270464896455e-06,5.865696324600858e-07,-4.643096701995585e-07,-1.221045803183609e-06,-1.5468038195298736e-07,-2.4717191682558735e-06,2.317038786302886e-06,6.705029803882075e-07,-4.2674861230145074e-07,-1.9935918648688348e-08,5.666507221256103e-07,-6.539706268348078e-07,1.2206213489604182e-06,3.168725938521242e-07,-6.836810312413494e-09,5.604013781794836e-07,1.7690080594816958e-06,-1.4329310957536722e-06,3.201939155235368e-06,9.600785422003508e-07,1.9657287059792413e-07,8.88523393374232e-07,2.444886168526245e-06,-1.419450033751025e-06,3.86433620227727e-06,1.2204246445315145e-06,3.116630428207356e-07
EPCTL01,N2,0,-2.233312646569046e-06,-9.999393825024776e-07,-3.2929407665776885e-06,2.293001384075211e-06,5.946325273215023e-07,-7.804902600417961e-07,-2.0978029956304243e-07,5.463440660551084e-07,-1.0615784865974625e-06,1.607922552652571e-06,5.293794043206353e-07,-7.311908748927817e-08,-1.6027130072435436e-06,-1.5810545552338728e-07,-3.2410257740102356e-06,3.0829203184868482e-06,8.62609287777818e-07,-5.596964924059565e-07,-1.6843414374969997e-06,-7.343551818076582e-07,-2.6670354250630177e-06,1.9326802432553594e-06,4.844750056724503e-07,-5.88469432874115e-07,-1.3550728260939947e-06,-3.948899365914741e-07,-2.171363305296492e-06,1.7764733687050177e-06,4.810175112856368e-07,-4.7349396803534873e-07,-1.2450468707852863e-06,1.535001858217512e-07,-2.291487984401981e-06,2.4449881702237323e-06,7.660916418176599e-07,-4.350592577838573e-07,-1.032750425240261e-06,7.276428806999192e-07,-2.5098441375078196e-06,3.2374870182077387e-06,1.029406891823528e-06,-3.6090888673059265e-07,-7.464153519521933e-08,3.2333446065205714e-07,-5.376677675870483e-07,8.610022282391055e-07,2.8499099314348396e-07,-2.5861127426300995e-08,-3.3429277426194183e-07,9.112087306134224e-07,-1.8601087996126388e-06,2.771317530226061e-06,8.717087986893513e-07,-1.1669710341914455e-07,2.2323235780497966e-07,2.227707838890099e-06,-1.7114428847336152e-06,3.939150723623714e-06,1.2431716575413438e-06,7.858283845020977e-08
EPCTL01,N2,1,-2.1106886028975215e-06,-1.1784625374293533e-06,-3.2480564959719484e-06,2.069593958542595e-06,5.184036057594428e-07,-7.3749397901241e-07,-9.82332207174511e-08,5.668994697836109e-07,-7.182002058790907e-07,1.2850996756627016e-06,3.714704044308348e-07,-3.441396842257159e-08,-2.4246837929780045e-06,-1.1806582407023268e-06,-4.319686185079167e-06,3.13902794437684e-06,8.133419890809843e-07,-8.476343856253007e-07,-5.542313356908759e-07,1.7605732278422204e-07,-1.513656113015419e-06,1.6897134357996408e-06,3.596364678748906e-07,-1.933583887108381e-07,-6.159556774123338e-07,-8.978545686445927e-08,-1.2844899435186194e-06,1.19470448665416e-06,2.42058812682532e-07,-2.1507880850301203e-07,-5.999173595538632e-07,-8.412264286604213e-08,-1.7889391217784305e-06,1.7048164789123883e-06,3.8385653301462584e-07,-2.093191150888105e-07,-6.269307477460741e-07,2.3318607004483616e-08,-2.0454277284940944e-06,2.068746335498578e-06,5.264298385424721e-07,-2.186847693523437e-07,2.6336944799603e-07,4.5607802175740973e-07,5.370870320051352e-08,4.023693185568962e-07,1.1212308900074584e-07,9.20420859801111e-08,-3.820596676060742e-07,3.436968884161348e-07,-1.2131544199251535e-06,1.5568513083412885e-06,4.2096207752082933e-07,-1.335776189771753e-07,-1.0503156168989451e-07,9.276721005726498e-07,-1.2969921627391546e-06,2.2246642633118044e-06,5.997626411960039e-07,-3.657739626390932e-08
EPCTL01,N2,2,-1.5263762854898849e-06,-7.017066304789522e-07,-2.5035589875921565e-06,1.8018523571132042e-06,4.895785772007672e-07,-5.331423902489145e-07,-1.841274165824442e-07,1.2864983040854462e-06,-1.4342399780671178e-06,2.720738282152564e-06,7.312837662331501e-07,-6.44322354733856e-08,-2.196300424169057e-06,-7.051070571089424e-07,-3.717119011468754e-06,3.0120119543598116e-06,7.620755472669645e-07,-7.673009292553145e-07,-4.1194394651293736e-07,6.62866962495188e-07,-1.651414170440261e-06,2.314281132935449e-06,6.575703291180909e-07,-1.4362654318146548e-07,-5.534610775751369e-07,3.6297203792174957e-07,-1.496853297435054e-06,1.8598253353568036e-06,5.111405481805356e-07,-1.9320312582700916e-07,-1.8783563386997614e-07,8.323549535677837e-07,-1.6288799441115223e-06,2.461234897679306e-06,6.063686415995276e-07,-6.513029037550353e-08,2.752443081492132e-07,1.4300217395040876e-06,-1.5134626388879463e-06,2.9434843783920337e-06,7.129185489061527e-07,9.693662826536052e-08,9.112378398888353e-08,7.960878220617293e-07,-5.451462527337763e-07,1.3412340747955055e-06,3.5153551882933147e-07,3.1804483881429324e-08,1.106687732380043e-07,8.302631111301714e-07,-9.152171812534426e-07,1.7454802923836142e-06,4.50358880803353e-07,3.915382618996311e-08,4.80813430719963e-07,1.6308172187660281e-06,-1.3892384789941984e-06,3.0200556977602263e-06,6.734747078524647e-07,1.6885888479709495e-07
EPCTL01,N2,0,-3.4474990186720415e-06,-2.1900730690812153e-06,-4.869070470358069e-06,2.678997401276854e-06,8.070078464634498e-07,-1.204395445893833e-06,1.2520050943851243e-07,7.408786589173025e-07,-6.325703028977102e-07,1.3734489618150129e-06,4.6641318201519493e-07,4.383386688848322e-08,-4.305013271642729e-07,4.861997370835648e-07,-2.119653502766313e-06,2.605853239849878e-06,7.400876607370597e-07,-1.5065975264916552e-07,-1.6063632844478814e-06,-7.180961788721763e-08,-2.6830107704306856e-06,2.611201152543468e-06,7.029975710404162e-07,-5.608628572528335e-07,-1.474496725478888e-06,-2.2978912763094672e-07,-2.550929059913792e-06,2.321139932282845e-06,6.102902103424189e-07,-5.150024253427246e-07,-1.7550821863610909e-06,-1.2594969094114665e-07,-3.6025804318846657e-06,3.476630740943519e-06,1.1071682183605253e-06,-6.128557606128715e-07,-2.0520034066462085e-06,-2.14024350849745e-07,-4.394888141411556e-06,4.180863790561811e-06,1.3927608359133662e-06,-7.166301334370447e-07,3.776928591710096e-07,7.621370868677892e-07,4.39349011352458e-08,7.182021857325434e-07,1.6856191853455108e-07,1.3206640739611436e-07,-9.06984778894726e-07,4.944710039749937e-07,-2.3743052359363906e-06,2.8687762399113844e-06,1.0446027101899556e-06,-3.169735704536628e-07,-8.752032709554054e-07,1.1786034172647616e-06,-2.9635051631087957e-06,4.1421085803735575e-06,1.5763584896178569e-06,-3.055968822024903e-07
EPCTL01,N2,1,-2.3223113841610205e-06,-1.5154858586802224e-06,-3.431570251132622e-06,1.9160843924523998e-06,6.253460104974139e-07,-8.11884255704811e-07,2.585361866458716e-07,1.5916748838768784e-06,-9.085510258139248e-07,2.5002259096908033e-06,7.20088287179544e-07,9.054407943315431e-08,-6.015014846042306e-07,4.2467285846091403e-07,-2.4659440429549694e-06,2.8906169014158836e-06,8.164543766040141e-07,-2.1036223744034345e-07,-1.478493874835686e-06,-1.886743102902697e-08,-2.9074114414266346e-06,2.8885440103976076e-06,9.657534438550697e-07,-5.162793471068333e-07,-1.5991746575962673e-06,-2.3715316070699003e-07,-2.9834127293182036e-06,2.7462595686112136e-06,9.02652014755293e-07,-5.585661528483009e-07,-1.865822024541566e-06,-8.486293865039124e-08,-4.180428175053382e-06,4.09556523640299e-06,1.4129227254201531e-06,-6.518420565015658e-07,-1.8764939715809824e-06,1.5518141197319795e-08,-4.944864816711622e-06,4.960382957908942e-06,1.7165573422465222e-06,-6.559298986568858e-07,4.0937343148618746e-07,9.465516752228722e-07,-1.5122018813971908e-07,1.0977718633625913e-06,2.913825091735677e-07,1.4328007986100313e-07,-8.305069702695727e-07,8.793704632183038e-07,-3.295898874593404e-06,4.175269337811708e-06,1.3344873861080758e-06,-2.902164899312862e-07,-4.8879669552535e-07,1.96096466090201e-06,-3.7895831012250182e-06,5.750547762127028e-06,1.8785711876842875e-06,-1.7059098661436e-07
EPCTL01,N2,2,-3.1042206199169604e-06,-1.730642801279769e-06,-4.563503644824397e-06,2.8328608435446286e-06,9.398897740714061e-07,-1.0850528979092828e-06,2.6387897204206946e-07,1.1880918685181977e-06,-2.3089803120244883e-07,1.4189898997206465e-06,3.8673010521014753e-07,9.227631688923011e-08,1.0212299333951918e-06,3.2193089176642664e-06,-1.6574549516740044e-06,4.876763869338271e-06,1.4766311468224422e-06,3.580691837414767e-07,-2.204204794352485e-06,-1.1437704202245766e-06,-3.663824489102894e-06,2.5200540688783173e-06,6.832269618200282e-07,-7.69997488421515e-07,-2.0162165158198548e-06,-1.115700602909277e-06,-3.2618205767991615e-06,2.1461199738898844e-06,5.749843360674305e-07,-7.042276726482699e-07,-1.988658667163402e-06,-6.19746877728118e-07,-3.900236456660326e-06,3.2804895789322083e-06,1.0942028223008779e-06,-6.943599078296864e-07,-1.9144796119534807e-06,-3.054720113324502e-07,-3.880455681517342e-06,3.574983670184892e-06,1.3450776925493784e-06,-6.684761784612264e-07,3.9367702653475697e-07,9.968121696202584e-07,-2.3524616353995894e-07,1.2320583331602173e-06,3.2424092963175807e-07,1.378108556524794e-07,2.139574190007556e-07,2.0229884434104146e-06,-2.748073408018613e-06,4.771061851429027e-06,1.5741167123192795e-06,7.579327958540499e-08,7.706612118728332e-07,3.481708544954338e-06,-3.5757333299763753e-06,7.0574418749307135e-06,2.323393698636715e-06,2.709674448363204e-07
EPCTL01,N2,3,-1.5617863602704973e-06,6.27061342126346e-08,-3.1450517200975646e-06,3.2077578543101994e-06,1.0031956610509459e-06,-5.45252671598613e-07,-1.1648749742826923e-07,1.1980763587385083e-06,-7.348516038748727e-07,1.932927962613381e-06,5.561823458439693e-07,-4.045082128129413e-08,-1.5587110903553091e-06,-2.7216467089856354e-07,-3.287398061822131e-06,3.0152333909235676e-06,8.573655786355698e-07,-5.452897018959144e-07,-8.192689079316778e-07,9.814544994766503e-07,-2.8573089715036286e-06,3.838763470980279e-06,1.1761352444104626e-06,-2.8563673497010257e-07,-7.725786021125572e-07,6.406371619116705e-07,-2.4918512331902295e-06,3.1324883951019e-06,9.414656998576403e-07,-2.6960616648791867e-07,-9.983462884059632e-07,5.532115277749339e-07,-3.0917128562935567e-06,3.6449243840684906e-06,1.2576745734277519e-06,-3.4868406942137254e-07,-8.877714575146552e-07,8.998635323035671e-07,-3.1252011784813544e-06,4.025064710784922e-06,1.3106063209429195e-06,-3.1030770180117294e-07,1.4411963612383829e-08,7.192070502740462e-07,-5.562159712450716e-07,1.2754230215191178e-06,3.5673511069325507e-07,5.2817449342006695e-09,-1.2319910363277906e-06,1.524006203458655e-07,-2.7202196614527263e-06,2.8726202817985916e-06,9.47706849987029e-07,-4.3083340597503314e-07,-6.703043739694875e-07,1.4375934160535484e-06,-2.6522360926419818e-06,4.08982950869553e-06,1.2512255174154024e-06,-2.343961914020764e-07
EPCTL01,N3,0,-2.8083579888980685e-06,-1.3060359623689403e-06,-4.197637068974744e-06,2.891601106605804e-06,8.670345043770107e-07,-9.808753102320377e-07,9.374903461302373e-08,1.77514845911357e-06,-6.884270159127789e-07,2.463575475026349e-06,7.120440239168792e-07,3.286474118935191e-08,6.3365719600462e-07,2.0355601217213745e-06,-1.0408341701166408e-06,3.076394291838015e-06,1.005325775035823e-06,2.2127667194206078e-07,-2.957299712553828e-06,-1.5982644445241186e-06,-4.2096679624460155e-06,2.611403517921897e-06,7.981469242782469e-07,-1.0333053111135835e-06,-2.5883402020643815e-06,-1.300449466278109e-06,-3.770717018402043e-06,2.4702675521239344e-06,8.39040874909363e-07,-9.043395140554626e-07,-2.3312995330004827e-06,-4.340277736032684e-07,-4.523151718452178e-06,4.08912394484891e-06,1.379650469902199e-06,-8.140511195360369e-07,-1.927420465607304e-06,5.590127122305663e-07,-4.9854514713773496e-06,5.544464183607916e-06,1.800529050068117e-06,-6.727408953717159e-07,8.196219997474945e-08,9.152147746901672e-07,-4.290544533669035e-07,1.3442692280570707e-06,3.4738510074697327e-07,2.881092757591339e-08,-1.9544676660165522e-07,1.4967021764650764e-06,-2.2632960695065677e-06,3.759998245971644e-06,1.3820249560855873e-06,-6.795519880705684e-08,7.384288213429411e-08,2.6700083878156477e-06,-3.21520897867291e-06,5.885217366488558e-06,2.190366557822605e-06,2.6294865848987606e-08
EPCTL01,N2,0,-9.358595121926926e-07,8.97592786779615e-08,-2.218057017095416e-06,2.3078162957733776e-06,7.224957775157944e-07,-3.2719485689924733e-07,-1.740653150751442e-08,4.668378602102014e-07,-6.232276133947034e-07,1.0900654736049047e-06,2.91086279948401e-07,-5.933837007213382e-09,-1.2202849268670722e-06,2.9185396128265217e-07,-2.801589152298469e-06,3.0934431135811213e-06,1.0239779666067752e-06,-4.260505429347417e-07,-9.451053656390308e-07,-7.636166037244219e-08,-1.750508828067863e-06,1.674147167695421e-06,4.641683578850466e-07,-3.3037767710704317e-07,-1.0122831986212354e-06,-1.5378936267708285e-07,-1.7116233130522916e-06,1.5578339503752088e-06,4.325075928699532e-07,-3.539022269425683e-07,-9.005873644405695e-07,6.753896882609171e-07,-2.2169691853111347e-06,2.892358873572052e-06,9.264808764121181e-07,-3.149280823647915e-07,-5.934149129355909e-07,1.39280134866033e-06,-2.4947127462064654e-06,3.887514094866795e-06,1.2541034365499403e-06,-2.0769468065617968e-07,-1.560362592605108e-08,4.4594512038239257e-07,-4.101924270154853e-07,8.561375473978779e-07,2.0801902524043432e-07,-5.322118482442434e-09,-3.976078119855442e-07,9.993841138173931e-07,-1.840725650515866e-06,2.840109764333259e-06,9.997084476170556e-07,-1.3900244605502648e-07,8.432193978115979e-08,1.9640062769347755e-06,-2.1618641634835454e-06,4.125870440418321e-06,1.60883670403541e-06,2.968318973413755e-08
EPCTL01,N2,1,-1.5440654235598191e-06,4.115200405990237e-07,-4.475408504426613e-06,4.8869285450256366e-06,1.4632091822720855e-06,-5.382419661800417e-07,-1.0040666332975324e-06,-7.046766510794719e-09,-1.7241474253055037e-06,1.717100658794709e-06,5.266404589925543e-07,-3.510513211503973e-07,1.6250946343787774e-06,2.6542251002098345e-06,1.9384990237019643e-07,2.4603751978396383e-06,7.725834331167182e-07,5.681238706407469e-07,-1.0184365683851227e-06,2.1898016925631497e-07,-3.030910592850219e-06,3.249890762106534e-06,9.6846179937285e-07,-3.549844447788598e-07,-8.222199229448374e-07,1.2563474641429682e-07,-2.176410791729248e-06,2.3020455381435445e-06,6.747439181325375e-07,-2.867269206272642e-07,-3.6768801995348407e-07,1.434731607524078e-06,-2.5629059588303513e-06,3.99763756635443e-06,1.2269901518318975e-06,-1.27508628314682e-07,4.07473284802786e-07,2.7885119690245307e-06,-2.2692847253384587e-06,5.057796694362989e-06,1.6076074607125424e-06,1.437327966764502e-07,-3.311246104477514e-07,1.929926743778249e-07,-8.059782877035573e-07,9.989709620813823e-07,3.1903289772197265e-07,-1.1583488252763919e-07,9.434752160153509e-07,2.775628900404363e-06,-1.5408320328376333e-07,2.9297121036881262e-06,8.295882281205684e-07,3.300661989302433e-07,1.704513689782245e-06,4.175679741453651e-06,-7.890426957706823e-08,4.25458401103072e-06,1.3000462759634412e-06,5.966655733477127e-07
EPCTL01,N2,0,-4.910291029698927e-07,1.3606949358118272e-06,-2.4337221646964004e-06,3.7944171005082276e-06,1.2069935181111473e-06,-1.708247787997176e-07,-1.5499693754154517e-07,1.2596016908958864e-06,-1.4486394218823885e-06,2.708241112778275e-06,8.267079380046123e-07,-5.444062854684824e-08,1.4631985909727268e-07,3.113841840268574e-06,-2.4125683130816986e-06,5.526410153350273e-06,2.0527561893788506e-06,5.1185531102829706e-08,-9.248476108780201e-07,9.945468317018e-07,-2.6316937451413137e-06,3.6262405768431136e-06,1.1112470185137006e-06,-3.2208205574032784e-07,-1.0549706278367656e-06,5.568798794187811e-07,-2.623247333919727e-06,3.180127213338508e-06,9.470347935666167e-07,-3.678057840768703e-07,-1.098452924303673e-06,1.2657539818212497e-06,-4.30799688736257e-06,5.57375086918382e-06,1.890790378240618e-06,-3.8296390055199347e-07,-7.786424492128127e-07,2.270148703949956e-06,-5.0864292242093495e-06,7.356577928159305e-06,2.6696230094927197e-06,-2.712365539640678e-07,-2.807560883173693e-08,9.39903308955775e-07,-6.954990431521692e-07,1.6354023521079443e-06,4.6798226904300964e-07,-9.832073909976103e-09,-3.0696720170954903e-07,2.6881175056284663e-06,-2.9582533627428527e-06,5.6463708683713185e-06,2.009401896282717e-06,-1.0680769622812391e-07,5.976068273422924e-08,3.950918767729601e-06,-4.278376508478423e-06,8.229295276208024e-06,3.0225444897750675e-06,2.1548802522613743e-08
EPCTL01,R,0,-8.784273018124633e-07,3.6495897127768697e-07,-2.306792098878833e-06,2.67175107015652e-06,7.855223017309454e-07,-3.061122578012734e-07,-5.771843833818009e-07,1.9292456057802643e-07,-1.6906834654282978e-06,1.8836080260063241e-06,5.509355567856699e-07,-2.0175963569245851e-07,8.637203836942723e-07,2.0700090396210166e-06,-4.406247772530347e-07,2.510633816874051e-06,7.542220764855113e-07,3.0155491910460825e-07,-1.0793080184335706e-06,6.627265929605095e-08,-2.690018410879579e-06,2.75629107017563e-06,7.014732780011409e-07,-3.763711309287963e-07,-1.0604091109361523e-06,-2.7241690025669543e-07,-2.0566907639637738e-06,1.7842738637070783e-06,4.987621346839747e-07,-3.7009958296800167e-07,-1.246632955970565e-06,-1.503803378117304e-07,-2.577825521350522e-06,2.4274451835387917e-06,7.817875660576026e-07,-4.3516418473009176e-07,-1.0569399883847937e-06,1.833905063043941e-07,-2.519242742193528e-06,2.7026332484979225e-06,8.298185642714484e-07,-3.689916403716874e-07,-4.597055713345687e-08,2.8592672772626395e-07,-4.890490380609835e-07,7.749757657872475e-07,2.3736177870929342e-07,-1.5983460210811968e-08,6.972340047244885e-07,1.9938243933945748e-06,-6.693232140114878e-07,2.6631476074060625e-06,7.362330420606743e-07,2.438704852026658e-07,1.1101289328184747e-06,2.512572413669007e-06,-5.315677836937512e-07,3.044140197362758e-06,8.735629806526212e-07,3.882399895305099e-07
EPCTL01,R,0,-1.2518855471679798e-06,-3.864484138212604e-07,-3.075298340666757e-06,2.688849926845497e-06,7.681064897762965e-07,-4.3736121911421283e-07,-4.270050606761974e-07,3.7279369948258544e-07,-1.5256297155623862e-06,1.8984234150449718e-06,5.650457284004919e-07,-1.489831738340883e-07,7.865845352723114e-07,2.237335628924994e-06,-4.0511356467685367e-07,2.6424491936018478e-06,7.10340225898463e-07,2.7491870102352706e-07,-1.1760540820180517e-06,-4.305407179723902e-07,-2.357301128755134e-06,1.9267604107827437e-06,6.106241884233708e-07,-4.1071798810858716e-07,-1.050468005318624e-06,-4.784744413814911e-07,-1.9310116647295607e-06,1.4525372233480697e-06,4.404813245421184e-07,-3.66983224761757e-07,-8.312628374072645e-07,7.003539579704977e-08,-2.028352062044726e-06,2.098387457841776e-06,7.324314403822733e-07,-2.903980520375794e-07,-2.650381415765469e-07,7.575140569751767e-07,-1.4644708564175636e-06,2.2219849133927402e-06,8.065517721854761e-07,-9.263790565613582e-08,-9.604673028324536e-08,3.1915543207406367e-07,-5.000908641027004e-07,8.192462961767641e-07,2.4261605570442036e-07,-3.336357056287375e-08,6.99767119029635e-07,1.8091195736369941e-06,-8.422618378757755e-07,2.6513814115127698e-06,7.287315532014166e-07,2.4451156025849683e-07,1.4441721874884732e-06,2.7721366535075315e-06,-4.0521724889599505e-07,3.1773539024035266e-06,8.972894846443717e-07,5.048478777277586e-07
EPCTL01,R,1,-1.4308132459425783e-06,-3.692268096957175e-07,-2.5141087856601912e-06,2.1448819759644736e-06,5.764153773138879e-07,-5.003072595262179e-07,-2.416793068486045e-07,7.548061449891719e-07,-1.6187688339316877e-06,2.3735749789208596e-06,7.216109612802518e-07,-8.428284255597978e-08,9.603429441146545e-08,1.7530267016287436e-06,-1.311662727431157e-06,3.0646894290599006e-06,9.27318539508259e-07,3.353843613775639e-08,-1.1935816025148807e-06,-6.015473555976232e-07,-1.8471767117140233e-06,1.2456293561164003e-06,3.6455996688954856e-07,-4.171231006816187e-07,-1.0234279583619529e-06,-6.317137887232271e-07,-1.5451006695081698e-06,9.133868807849427e-07,2.537730013043173e-07,-3.577042066310409e-07,-9.381434879084288e-07,-2.2544689770419544e-07,-1.9867854394099864e-06,1.761338541705791e-06,5.554373046802579e-07,-3.278125144448289e-07,-7.792310844053819e-07,6.53455712973076e-08,-1.9718132155715623e-06,2.03715878686887e-06,6.152995681026275e-07,-2.7240064911628376e-07,1.1379011426528204e-07,4.832325437193439e-07,-3.7385628466211195e-07,8.570888283814558e-07,2.668217766896948e-07,4.001308405225181e-08,1.5622524826628724e-07,1.9579574262048597e-06,-1.5351027095784495e-06,3.4930601357833094e-06,9.364084423119927e-07,5.4828135461102144e-08,4.438261699453104e-07,2.501269791756314e-06,-1.3489815281537054e-06,3.8502513199100195e-06,1.0616541784640103e-06,1.553703409682652e-07
EPCTL01,N2,0,-1.157327681875388e-06,2.2359908620497407e-07,-2.3357010121888627e-06,2.559300098393837e-06,8.844415300091709e-07,-4.0485525694801075e-07,-7.52275268348219e-08,5.001580505382093e-07,-5.994994069843721e-07,1.0996574575225814e-06,3.410385979617185e-07,-2.597685797435029e-08,7.164561362458338e-07,1.423128178678056e-06,-2.2762846240880974e-08,1.445891024918937e-06,4.511202262996081e-07,2.507564669040742e-07,-6.483215053273442e-07,6.175456180438852e-07,-1.7603096943224236e-06,2.377855312366309e-06,7.898335825727021e-07,-2.2683831888981721e-07,-7.325207091290092e-07,4.3427631515770173e-07,-1.7407011201257731e-06,2.1749774352834747e-06,7.123613444698344e-07,-2.5628987512225846e-07,-3.345693497271629e-07,1.3966970046884521e-06,-1.840356506328806e-06,3.2370535110172582e-06,1.1229811179810646e-06,-1.1714006117759153e-07,3.230098603186464e-07,2.212856224755532e-06,-1.3107305892619364e-06,3.523586814017468e-06,1.2380271229564073e-06,1.125590912433626e-07,9.95558526237573e-08,5.523818459602713e-07,-2.85169934674334e-07,8.375517806346054e-07,2.0307769838852306e-07,3.4850104000180906e-08,7.305923714105903e-07,2.4243821762207713e-06,-8.37681414158215e-07,3.262063590378986e-06,1.05830458361884e-06,2.554866241300669e-07,1.5713404633962325e-06,3.6695901724361766e-06,-3.738637556572741e-07,4.043453928093451e-06,1.3340467504812657e-06,5.496347401519261e-07
EPCTL01,N2,1,-1.0528484782398585e-06,8.797189322863914e-07,-3.404110065744764e-06,4.2838289980311555e-06,1.4966395791115787e-06,-3.6768451765195257e-07,-1.6243522393018678e-07,5.187630186500242e-07,-1.0015483464569399e-06,1.520311365106964e-06,4.568429321258518e-07,-5.6963225940713535e-08,-4.740698568686349e-07,2.8036322593644866e-07,-1.4411715743323256e-06,1.7215348002687743e-06,4.5264579264594087e-07,-1.6554569682332177e-07,-7.786420275396594e-07,7.718794844209178e-07,-3.1246900581549825e-06,3.8965695425759e-06,1.3244758298977563e-06,-2.718435518896043e-07,-9.723456473724354e-07,1.0689218099068539e-07,-2.592910712720553e-06,2.699802893711238e-06,9.297476995953951e-07,-3.397285310984366e-07,-8.883635088913778e-07,4.5789679741716226e-07,-2.9308402508664678e-06,3.38873704828363e-06,1.2719430190816895e-06,-3.1039429248459043e-07,-4.0711647349917396e-07,1.1937695705834666e-06,-3.0235867695190066e-06,4.217356340102473e-06,1.4597133065178808e-06,-1.42280538409939e-07,-7.426279437984289e-08,2.511771760940765e-07,-5.117677288623033e-07,7.629449049563798e-07,2.2331676989040712e-07,-2.611579928473721e-08,-3.420894161280971e-07,4.796461448905799e-07,-1.2657157471290648e-06,1.7453618920196447e-06,5.116885543181132e-07,-1.1953840668295587e-07,2.592807203205621e-07,1.7532864559910028e-06,-1.2094282748986135e-06,2.962714730889616e-06,8.816750326105818e-07,9.091962727003835e-08
EPCTL01,N2,2,-2.088223759669652e-06,-6.291796489455566e-07,-3.615222211841633e-06,2.9860425628960765e-06,1.0836917330980113e-06,-7.296856412648389e-07,1.3997692851221455e-07,7.186056824746421e-07,-3.750491832857373e-07,1.0936548657603794e-06,3.15246685066729e-07,4.901827002302285e-08,-2.270052262306874e-07,6.90697147980758e-07,-1.4331227074900636e-06,2.1238198554708216e-06,6.342933803113802e-07,-7.958482502559726e-08,-1.508986384190936e-06,-9.434579323591756e-08,-3.1203778141106136e-06,3.0260320208746962e-06,1.0475589590184075e-06,-5.271408974131469e-07,-1.4796110903862296e-06,-2.9803260573103793e-07,-2.8821389319811307e-06,2.5841063262500927e-06,8.612936791659746e-07,-5.170364408613314e-07,-1.2691213760865019e-06,5.278231591842658e-07,-3.3473017906453744e-06,3.87512494982964e-06,1.3609412327678127e-06,-4.433005469517481e-07,-8.06682762554208e-07,1.3116793283409683e-06,-3.256127365116875e-06,4.5678066934578435e-06,1.6249140640867816e-06,-2.8176415389656117e-07,-1.3159235870209233e-07,2.6138020971556114e-07,-6.988143186615256e-07,9.601945283770868e-07,2.3082655150482496e-07,-4.602201861703672e-08,1.2032027378214138e-07,1.826288265111587e-06,-1.5180620598341896e-06,3.3443503249457766e-06,1.1354728191796425e-06,4.220879808609742e-08,1.2914460326095477e-06,3.497844930071757e-06,-9.180139098413612e-07,4.415858839913118e-06,1.6211201302061488e-06,4.5185863202900456e-07
EPCTL01,N2,3,-1.6106736347216653e-06,-8.139205038528053e-07,-3.0380110595179064e-06,2.224090555665101e-06,5.936440308442574e-07,-5.629112777018573e-07,-4.837010118188195e-07,5.33594606967546e-07,-1.5880449010049132e-06,2.1216395079724595e-06,5.319763438615374e-07,-1.6931184057109812e-07,3.4984737908861335e-07,1.160512226729364e-06,-4.2410805809754897e-07,1.5846202848269129e-06,4.5211035443640175e-07,1.224964953392052e-07,-7.152403234594086e-07,1.9946464393440352e-07,-1.891247310512655e-06,2.0907119544470586e-06,6.967939676510001e-07,-2.4977039957685925e-07,-7.976469408871007e-07,-7.790321098065652e-08,-1.6631056845347087e-06,1.5852024735540521e-06,5.326541866727899e-07,-2.786322386602093e-07,-1.3480720514413827e-06,-4.1224782909167217e-07,-2.427982733917316e-06,2.015734904825644e-06,6.823412460009845e-07,-4.707841447282821e-07,-1.5114900167752044e-06,-6.845691308273222e-07,-2.7661781215870764e-06,2.081608990759754e-06,6.615834347340016e-07,-5.279575937649039e-07,8.253132481711168e-08,5.636757155711311e-07,-6.280208416316108e-07,1.191696557202742e-06,3.073568819343137e-07,2.8666371348805897e-08,-1.283038241856492e-07,7.292602625354071e-07,-1.0435850976435378e-06,1.772845360178945e-06,4.817571109824489e-07,-4.439222478375661e-08,2.0636580970652824e-07,1.4996280449403405e-06,-1.653713982676767e-06,3.1533420276171076e-06,7.854068926907641e-07,7.294935509877555e-08
EPCTL01,N2,4,-5.528024792588702e-07,6.498897691015944e-07,-2.5214333278496494e-06,3.1713230969512438e-06,8.405129718319499e-07,-1.928592262504239e-07,-4.2540296434090084e-07,3.023834885484922e-07,-9.226690970850208e-07,1.225052585633513e-06,3.7409637594471244e-07,-1.487953323383303e-07,-4.903851429549799e-07,2.0120485699976933e-07,-1.2758832786448926e-06,1.477088135644662e-06,4.1518182006392105e-07,-1.7159235217018641e-07,-6.460416451092404e-07,3.8390806353335464e-07,-2.466825400131674e-06,2.8507334636650285e-06,9.179037558420713e-07,-2.2550847145165022e-07,-7.417365387373663e-07,1.3442104099755753e-07,-2.164099917252799e-06,2.2985209582503564e-06,7.296753460214613e-07,-2.590559936292472e-07,-6.11164901358976e-07,6.155746373911656e-07,-2.7774540169625616e-06,3.3930286543537272e-06,1.1741808735115718e-06,-2.1325696438163444e-07,-1.7928430688633359e-07,1.2287912888194393e-06,-2.910339148263762e-06,4.139130437083202e-06,1.524692628305724e-06,-6.226070235029197e-08,-1.1244958516218333e-07,1.3328076968261572e-07,-2.9045101382391883e-07,4.2373178350653455e-07,1.308680206007743e-07,-3.945554824123356e-08,2.027901349190486e-07,8.810254243894283e-07,-7.445231970547254e-07,1.6255486214441536e-06,5.58222170264739e-07,7.100019785384115e-08,9.941267537807457e-07,2.336584105067215e-06,-6.754037220762212e-07,3.0119878271434363e-06,9.71555956331683e-07,3.4786235079901443e-07
EPCTL01,N2,5,-2.4796216098979416e-06,-1.447083266913711e-06,-3.65130829928159e-06,2.2042250323678793e-06,5.827291506070863e-07,-8.666596500780618e-07,1.0302223977432323e-07,8.238167430277871e-07,-6.319649435896633e-07,1.4557816866174505e-06,4.086891350293712e-07,3.600895892770097e-08,1.6795371726745534e-07,1.6096264442603762e-06,-1.0724136771201826e-06,2.682040121380559e-06,8.378247150913178e-07,5.8798293842254397e-08,-2.4976464994981666e-06,-1.8311270232665981e-06,-3.2672421856826622e-06,1.4361151624160641e-06,3.8583888547320957e-07,-8.730317999327922e-07,-1.857551518887398e-06,-1.2437465704492553e-06,-2.505444499593965e-06,1.2616979291447096e-06,3.509929069378502e-07,-6.49321244080871e-07,-1.080604786260877e-06,1.0391325117467322e-07,-2.23368181293349e-06,2.3375950641081633e-06,8.31407367432226e-07,-3.7752571938208576e-07,-3.159631191799837e-07,1.157744491216918e-06,-1.7769885620057902e-06,2.9347330532227082e-06,1.0456606182801772e-06,-1.1021912215174408e-07,1.2524990704949303e-07,5.034082637556803e-07,-1.9257437527307656e-07,6.959826390287568e-07,1.8236928831819316e-07,4.377137343844028e-08,1.037112713190834e-06,2.431767612795624e-06,-7.000118699888258e-07,3.1317794827844496e-06,1.0286113643847799e-06,3.6283074237614363e-07,2.043575041857702e-06,4.04551717057342e-06,-7.501842358232516e-07,4.795701406396671e-06,1.5173597764370127e-06,7.148407850257447e-07
EPCTL01,N2,0,-8.305825673856631e-07,5.651874588631502e-07,-1.8938166464588602e-06,2.4590041053220102e-06,6.667731616526927e-07,-2.898469840596345e-07,-1.211570278651045e-07,5.389964878978976e-07,-6.88330704852237e-07,1.2273271927501345e-06,3.2397930586215893e-07,-4.2316581096734276e-08,1.2888186113077376e-06,2.2241096218449163e-06,-3.0997398693678596e-07,2.5340836087817024e-06,6.875287295332573e-07,4.504674436368265e-07,-8.10052662562601e-07,4.0206414614687905e-07,-2.2526516345085223e-06,2.6547157806554013e-06,8.904783436195988e-07,-2.823020719054432e-07,-8.357690702383917e-07,7.955138112541519e-08,-2.0241872101986153e-06,2.1037385913240305e-06,7.087991913306782e-07,-2.9162199291798777e-07,-7.863045057492386e-07,5.008883413698475e-07,-2.445003194932698e-06,2.9458915363025456e-06,1.0523951376208422e-06,-2.743048463019824e-07,-2.145503156698615e-07,1.2037691558314122e-06,-2.120711389418329e-06,3.324480545249741e-06,1.1443818660845225e-06,-7.466487121416246e-08,1.2953452692970593e-07,5.228799911205249e-07,-2.424921404782628e-07,7.653721315987876e-07,2.250419674446054e-07,4.540965805689971e-08,-2.4597623206755747e-07,7.402164311624669e-07,-1.1285090161627376e-06,1.8687254473252044e-06,6.949226559816593e-07,-8.606449299206789e-08,6.333800937035072e-07,2.1050584099191364e-06,-6.467863228977226e-07,2.751844732816859e-06,1.0671217943085461e-06,2.2145891893206703e-07
EPCTL01,N2,1,-1.7011493946723897e-06,-9.446764665797676e-07,-2.8966211441287697e-06,1.951944677549002e-06,5.465091805416077e-07,-5.939274100351225e-07,7.344600582111432e-08,9.04279119298189e-07,-5.280966575353719e-07,1.4323757768335607e-06,3.982458561801823e-07,2.56526274888464e-08,7.433517447941486e-08,1.2924013825558663e-06,-1.7315965640865972e-06,3.0239979466424636e-06,1.0065179872672352e-06,2.592687300093733e-08,-1.4676696038094123e-06,-1.0490214877701867e-06,-2.4409153318443085e-06,1.3918938440741218e-06,3.1296715473218494e-07,-5.124786590398379e-07,-1.340649105175023e-06,-1.0795175535419417e-06,-1.876943738268598e-06,7.974261847266563e-07,1.915929189442105e-07,-4.68291840377753e-07,-1.343431090231218e-06,-5.532013748186608e-07,-2.658372908391517e-06,2.105171533572856e-06,5.455310067515203e-07,-4.6901546799910513e-07,-9.70292454967393e-07,1.0676126090257053e-07,-2.7106306758751747e-06,2.817391936777745e-06,7.551203490213172e-07,-3.384770039815017e-07,6.383588518518414e-08,5.398521519805927e-07,-2.2140523115335927e-07,7.612573831339519e-07,2.1058844985607687e-07,2.232677136240958e-08,2.927353620464377e-07,2.1873063162024017e-06,-1.7702470642186769e-06,3.957553380421079e-06,1.202621754028315e-06,1.0270509301039006e-07,1.0984451370429493e-06,3.4631480142239824e-06,-1.904005286494974e-06,5.367153300718956e-06,1.583217471312868e-06,3.846286386696522e-07
EPCTL01,N2,0,-1.096828297243625e-06,6.209637749077683e-07,-2.1001968543393757e-06,2.721160629247144e-06,9.126273873300368e-07,-3.825683014113185e-07,-3.368271643043384e-07,1.5124979974508254e-06,-1.524291003142594e-06,3.0367890005934196e-06,8.048413478282675e-07,-1.181084448415686e-07,-1.6504816208937988e-06,-1.6757396543230838e-07,-3.313661815402081e-06,3.1460878499697724e-06,7.271158820840832e-07,-5.773237953960029e-07,-7.260637737706555e-07,6.2040268432732e-07,-2.186212864914211e-06,2.8066155492415314e-06,7.475578745355712e-07,-2.5265961003670644e-07,-8.524069330701619e-07,-1.5809145211114878e-08,-2.0272267767435797e-06,2.011417631532465e-06,4.938023934206925e-07,-2.9708102479866405e-07,-1.336716048067437e-06,-1.5763234512768254e-07,-2.748571780556399e-06,2.5909394354287165e-06,7.151724110395248e-07,-4.6622903862065547e-07,-1.4310691732861576e-06,3.7604873280725463e-07,-3.11575085006379e-06,3.4917995828710448e-06,1.0381476450311242e-06,-4.991615278657495e-07,1.8003189097099773e-07,1.0243527507352847e-06,-6.519083394980218e-07,1.6762610902333066e-06,4.426627810991928e-07,6.292595697656468e-08,-5.588638388656677e-07,7.317612644776156e-07,-1.5607683911061378e-06,2.2925296555837533e-06,5.881229178787224e-07,-1.9468146252216294e-07,-6.120770120507415e-07,1.4786229812634067e-06,-2.0225789437358657e-06,3.501201924999272e-06,9.800402394737118e-07,-2.1269299784514737e-07
EPCTL01,N2,1,-1.0566187741825058e-06,1.0452115260831639e-07,-2.4861267201938208e-06,2.590647872802137e-06,7.506381466889076e-07,-3.6924114308447137e-07,-9.866045556724163e-08,1.1143184133976138e-06,-8.980897153457152e-07,2.0124081287433293e-06,6.330546341697074e-07,-3.4307468396289335e-08,-1.6856986814261094e-07,8.86535820119872e-07,-1.3588835203010899e-06,2.245419340420962e-06,5.844503697716331e-07,-5.92815407160395e-08,-7.576313500998915e-07,-1.0146756791505402e-07,-1.7284714039772109e-06,1.6270038360621567e-06,4.042121054712702e-07,-2.6470154669540243e-07,-9.325231822418586e-07,-3.338213657650662e-07,-1.7299125324154634e-06,1.3960911666503972e-06,3.5012047785522254e-07,-3.2587147185667513e-07,-6.730060732696605e-07,2.990487196339651e-07,-1.940357099596293e-06,2.239405819230258e-06,7.30864340863547e-07,-2.3510483336789192e-07,-4.3939013879282823e-07,1.0627815500165487e-06,-2.3102535029187375e-06,3.3730350529352864e-06,1.1488510133219985e-06,-1.5350499729351742e-07,4.809914144838644e-08,7.24567159602963e-07,-6.004363386164153e-07,1.3250034982193784e-06,3.780398748572513e-07,1.6939756822144872e-08,1.2183631013347372e-07,9.87530386949244e-07,-1.217268350543638e-06,2.204798737492882e-06,5.884986677036663e-07,4.241764695380431e-08,4.9852374786364e-07,2.09347481482718e-06,-1.5522005356904499e-06,3.6456753505176297e-06,1.1494613269458299e-06,1.7439378011130457e-07
EPCTL01,R,0,-8.413550533088097e-07,1.568922364043192e-07,-1.7327938116994189e-06,1.8896860481037381e-06,5.329002460492654e-07,-2.939900495236227e-07,-8.179261201976534e-07,3.9080391635774833e-07,-2.3070143683783405e-06,2.697818284736089e-06,8.005164766683346e-07,-2.85833014963045e-07,-4.991992559213353e-07,9.044931318776835e-07,-2.124756943128389e-06,3.0292500750060726e-06,7.161798891965298e-07,-1.7461722859516695e-07,-5.309000871418877e-07,2.200824882608349e-07,-1.345364393872425e-06,1.56544688213326e-06,4.200003554355561e-07,-1.8568395608649732e-07,-7.311091740047952e-07,1.593835113022482e-07,-1.9749240524224576e-06,2.1343075637247058e-06,4.3308808644847966e-07,-2.5581213622159497e-07,-7.311361596716833e-07,6.360461345535866e-07,-1.86915730947328e-06,2.5052034440268666e-06,6.35648913479637e-07,-2.5573757845162176e-07,-6.603085227080373e-07,9.005762400575242e-07,-2.302628777346403e-06,3.203205017403927e-06,8.287765151367489e-07,-2.3110811561663152e-07,-1.0102389822321592e-07,3.811917868245687e-07,-7.601064579286344e-07,1.141298244753203e-06,3.189304104635564e-07,-3.509945246107258e-08,2.379655051658771e-08,1.319106879851239e-06,-2.2704393258372787e-06,3.5895462056885174e-06,8.816397853564561e-07,8.16329298988179e-09,1.9215557135147375e-08,1.787199383451997e-06,-2.72157277915695e-06,4.508772162608947e-06,1.1144478139555694e-06,6.390908263552268e-09
EPCTL01,R,1,-1.8072526252491637e-06,-7.180580704631263e-07,-3.0855416231849046e-06,2.367483552721778e-06,7.26756607425493e-07,-6.315769289582622e-07,-4.4851384651679784e-07,8.537924516897833e-07,-1.6698982952141934e-06,2.5236907469039766e-06,7.588364228373037e-07,-1.5634923866582654e-07,-6.268178995895689e-07,9.464163156714987e-07,-2.243486591787109e-06,3.1899029074586076e-06,8.654709654219404e-07,-2.1954609715749565e-07,-1.7073229956378662e-06,-9.782026157121434e-07,-2.730944951464223e-06,1.7527423357520794e-06,5.17470773094296e-07,-5.963141695301859e-07,-1.3762743903475845e-06,-7.621926715232225e-07,-2.0911532535258128e-06,1.3289605820025903e-06,3.531328788093216e-07,-4.809270930584905e-07,-1.9264461456449473e-06,-1.248176740622265e-06,-2.7655531682157886e-06,1.5173764275935236e-06,4.589315182032256e-07,-6.731768373512928e-07,-2.3397178199971807e-06,-1.4748259544067981e-06,-3.2451290082120617e-06,1.7703030538052636e-06,5.515254619440275e-07,-8.178159567960296e-07,1.8215357686368382e-08,6.370114927831121e-07,-7.691801990023987e-07,1.4061916917855108e-06,3.264757746491587e-07,6.658950451908913e-09,-3.10487276546207e-07,1.1090667001349112e-06,-1.9451287982801336e-06,3.0541954984150448e-06,7.661938652995418e-07,-1.0927633505127547e-07,2.70947074397833e-07,1.9931932459409848e-06,-1.514798525565723e-06,3.507991771506708e-06,9.13681440706264e-07,9.38759588177506e-08
EPCTL01,R,2,-9.317705704412119e-07,3.894421744123509e-07,-2.0318110313431437e-06,2.4212532057554945e-06,5.67049199853125e-07,-3.2590795439107043e-07,-1.3368475869870495e-07,8.951350657940527e-07,-1.295333908860082e-06,2.1904689746541347e-06,6.0286181498638e-07,-4.645146389720074e-08,1.986762350824788e-07,1.6201129131105995e-06,-9.147443009550516e-07,2.534857214065651e-06,7.119702930393476e-07,6.90591651845688e-08,-8.07623211318003e-07,1.3836697516966033e-07,-1.7910909140143207e-06,1.929457889183981e-06,5.193892221905206e-07,-2.821945051232829e-07,-8.680864468422717e-07,1.4646305071449942e-07,-1.4628525040394079e-06,1.6093155547539073e-06,3.5730153308562424e-07,-3.036068709123851e-07,-6.571462409534048e-07,5.363738630278996e-07,-1.9574444928802876e-06,2.4938183559081874e-06,6.73699475642545e-07,-2.2957765352864444e-07,-5.36559334026301e-07,6.931995190550594e-07,-2.200978127585798e-06,2.8941776466408573e-06,8.634928499227954e-07,-1.8736414119108546e-07,-7.295068229049232e-09,4.827948232699084e-07,-6.270371384698744e-07,1.1098319617397829e-06,2.8404331715930795e-07,-2.299848581611683e-09,-1.1549097736623487e-07,1.0639347823986637e-06,-1.4047287490504606e-06,2.4686635314491245e-06,6.300055288581262e-07,-4.039745702613313e-08,5.617134139815522e-07,2.2616752029207485e-06,-1.7662938379187209e-06,4.0279690408394695e-06,1.0269239818991641e-06,1.9668952616978614e-07
EPCTL01,R,0,-1.8228477431375846e-06,-8.170522230385716e-07,-2.8545074355338107e-06,2.037455212495239e-06,4.932477677778916e-07,-6.367300229082711e-07,3.6035511785181323e-07,1.3636192704813694e-06,-8.402091273121423e-07,2.203828397793512e-06,7.018316213126058e-07,1.2630055847175066e-07,-5.982898045823258e-07,6.533183375000461e-07,-2.2312409157715363e-06,2.8845592532715822e-06,7.744249974579237e-07,-2.095488817202222e-07,-1.728128684344105e-06,-6.446476296634624e-07,-3.01754948098935e-06,2.3729018513258877e-06,5.863743130802538e-07,-6.035411375769752e-07,-1.7112108423813706e-06,-8.010714433701001e-07,-2.6317993735457015e-06,1.8307279301756014e-06,4.854366443862757e-07,-5.979040740287047e-07,-1.8783025662554104e-06,-6.586887252117031e-07,-3.2143632574771774e-06,2.5556745322654744e-06,7.622055136764839e-07,-6.563782031089797e-07,-2.1104790703415314e-06,-8.104815399316719e-07,-3.822889462179253e-06,3.012407922247581e-06,8.694905598721458e-07,-7.376720228888693e-07,2.2673536466651405e-07,8.3341831287222e-07,-6.366725920446227e-07,1.4700909049168426e-06,3.488023910178402e-07,7.955718673303481e-08,-1.166362239958394e-06,-5.8472192563521786e-08,-3.077522741311818e-06,3.0190505487482962e-06,9.175728324857049e-07,-4.0829515815286164e-07,-9.978810619018786e-07,6.080619675067047e-07,-2.87507872808315e-06,3.4831406955898548e-06,9.806277936809549e-07,-3.4939566976644703e-07
EPCTL01,N2,0,-1.487511057061067e-06,-6.655943883283474e-08,-3.026833466955561e-06,2.9602740281227263e-06,8.663239185288888e-07,-5.192116137352667e-07,-2.3560287244853966e-07,1.008455532411261e-06,-1.969517724321292e-06,2.977973256732553e-06,9.614050193554738e-07,-8.238128994811543e-08,-5.458961461785189e-07,7.983788809543894e-07,-2.184859375074042e-06,2.983238256028431e-06,9.651992075053552e-07,-1.907483081454779e-07,-1.2332529029321396e-06,4.5725659423181856e-07,-3.7317106526537835e-06,4.188967246885602e-06,1.0985311873781071e-06,-4.300375507917185e-07,-1.0806561169690319e-06,2.7907364414561815e-07,-3.1270836280537697e-06,3.406157272199388e-06,8.940497296013141e-07,-3.7689278285806387e-07,-6.79160886346678e-07,1.256195486598257e-06,-3.004810337632188e-06,4.261005824230445e-06,1.258811546791527e-06,-2.3646306235669778e-07,-1.483587585998832e-07,2.4384497413843096e-06,-2.5986191789609626e-06,5.037068920345272e-06,1.574014029485573e-06,-5.090978735331342e-08,4.309360278066853e-08,8.570934224204523e-07,-9.0151945873853e-07,1.7586128811589822e-06,5.28363190526102e-07,1.5211723881813773e-08,1.0038901307003003e-07,1.714846606874842e-06,-1.7089411128193546e-06,3.4237877196941966e-06,1.1332369021456253e-06,3.5334731105416846e-08,5.739921125601042e-07,2.8544963633871e-06,-1.8545597151122372e-06,4.7090560784993374e-06,1.6514168232744039e-06,2.011626211449574e-07
EPCTL01,N2,1,-9.75553974467568e-07,7.329360354159017e-07,-2.4716121216442452e-06,3.204548157060147e-06,9.699461425731492e-07,-3.3994340301298175e-07,-4.629775287900353e-07,1.6193635000497357e-06,-1.9613671563384352e-06,3.580730656388171e-06,1.1198941462697844e-06,-1.6224030653878358e-07,-5.762392903762057e-07,1.0999295715745256e-06,-2.210603067526603e-06,3.3105326391011288e-06,1.010239681970148e-06,-2.0103196741505322e-07,-1.249439266525552e-06,3.557815678424676e-07,-2.6380003553933385e-06,2.993781923235806e-06,9.865080172277921e-07,-4.3589886926391694e-07,-1.26394993832824e-06,1.8337441161520082e-07,-2.379514614377197e-06,2.5628890259923977e-06,8.772369521661539e-07,-4.412880920968123e-07,-8.116985820099117e-07,1.1925020034037922e-06,-2.6771600788550385e-06,3.869662082258831e-06,1.2539256086484947e-06,-2.830226703875426e-07,-5.6264048880748315e-08,2.523048545446973e-06,-2.422834519818165e-06,4.9458830652651385e-06,1.6239544319297034e-06,-1.8751189431359553e-08,-2.0868905495675313e-07,6.967205151303812e-07,-9.285067091850163e-07,1.6252272243153976e-06,5.068523914896313e-07,-7.309964553039016e-08,-3.6795273032115917e-07,1.8388249147656234e-06,-2.490098113567266e-06,4.328923028332889e-06,1.2535061363182078e-06,-1.2824693193475444e-07,3.2612403341787235e-07,3.251086906739809e-06,-2.1461018139494784e-06,5.397188720689288e-06,1.6984594932845896e-06,1.1484999270507605e-07
