subject_id,window_id,start_time,frac_W,frac_N1,frac_N2,frac_N3,frac_R,is_W,is_N1,is_N2,is_N3,is_R,trans_W_N1,trans_W_N2,trans_W_N3,trans_W_R,trans_N1_W,trans_N1_N2,trans_N1_N3,trans_N1_R,trans_N2_W,trans_N2_N1,trans_N2_N3,trans_N2_R,trans_N3_W,trans_N3_N1,trans_N3_N2,trans_N3_R,trans_R_W,trans_R_N1,trans_R_N2,trans_R_N3,SDNN,RMSSD,LF,HF,LF/HF
16,0,0,0.0,0.0,0.0,0.0,0.0,0,0,0,0,0,0,0,0,0,0,0,0,0,0,0,0,0,0,0,0,0,0,0,0,0,11588.174602387548,10674.1686261842,1.5989198299668348,3.2229461043304415,0.49610504743423445
16,1,300,0.0,0.0,0.0,0.0,0.0,0,0,0,0,0,0,0,0,0,0,0,0,0,0,0,0,0,0,0,0,0,0,0,0,0,1584.0288703293243,748.3851683145916,0.09828493499965887,0.0920903503053677,1.067266382131789
16,2,600,0.0,0.0,0.0,0.0,0.0,0,0,0,0,0,0,0,0,0,0,0,0,0,0,0,0,0,0,0,0,0,0,0,0,0,71.39239562655031,48.024948952866225,0.0007228004604570775,0.0006369324892137114,1.1348148708026646
16,3,900,0.0,0.0,0.0,0.0,0.0,0,0,0,0,0,0,0,0,0,0,0,0,0,0,0,0,0,0,0,0,0,0,0,0,0,51.5786752134796,43.58520667939908,0.0008900842593323322,0.0005359425745691041,1.660782892734276
16,4,1200,0.0,0.0,0.0,0.0,0.0,0,0,0,0,0,0,0,0,0,0,0,0,0,0,0,0,0,0,0,0,0,0,0,0,0,69.482358642164,48.7938896355655,0.0014569190551696504,0.0006047844882215202,2.408988794428224
16,5,1500,0.0,0.0,0.0,0.0,0.0,0,0,0,0,0,0,0,0,0,0,0,0,0,0,0,0,0,0,0,0,0,0,0,0,0,119.25876745850765,72.35194862110524,0.0029381094986959057,0.0006039606895633565,4.864736313914837
16,6,1800,0.0,0.0,0.0,0.0,0.0,0,0,0,0,0,0,0,0,0,0,0,0,0,0,0,0,0,0,0,0,0,0,0,0,0,98.04812989723341,62.84779813190109,0.001192950868745909,0.000973740039572476,1.225122538115695
16,7,2100,0.9,0.0,0.0,0.0,0.0,1,0,0,0,0,0,0,0,0,0,0,0,0,0,0,0,0,0,0,0,0,0,0,0,0,965.628495800999,730.0121908037271,0.5120372566291975,0.9302174996463156,0.5504489614782379
16,8,2400,0.0,0.5,0.5,0.0,0.0,0,0,0,0,0,0,0,0,0,0,0,0,0,0,0,0,0,0,0,0,0,0,0,0,0,82.23550813918327,87.32719059126146,0.0010153686737205373,0.0006461153918589968,1.5714974237018693
16,9,2700,0.0,0.4,0.6,0.0,0.0,0,0,0,0,0,0,0,0,0,0,0,0,0,0,0,0,0,0,0,0,0,0,0,0,0,133.5631308816784,92.5056960271239,0.00167721514153879,0.00359830946371442,0.46611197798631093
16,10,3000,0.0,0.0,1.0,0.0,0.0,0,0,1,0,0,0,0,0,0,0,0,0,0,0,0,0,0,0,0,0,0,0,0,0,0,109.20343001511112,98.50666859854154,0.0033840542613783097,0.0007255895920955312,4.663868250376949
16,11,3300,0.0,0.0,1.0,0.0,0.0,0,0,1,0,0,0,0,0,0,0,0,0,0,0,0,0,0,0,0,0,0,0,0,0,0,104.5494514892782,90.91790568295029,0.0005383555788140126,0.0007865010056682648,0.6844944570116462
16,12,3600,0.0,0.0,0.8,0.2,0.0,0,0,1,0,0,0,0,0,0,0,0,0,0,0,0,1,0,0,0,0,0,0,0,0,0,88.07022351388052,101.75521483350212,0.0014723960322237822,0.0005223487855358389,2.818798613101704
16,13,3900,0.0,0.0,0.0,1.0,0.0,0,0,0,1,0,0,0,0,0,0,0,0,0,0,0,0,0,0,0,0,0,0,0,0,0,83.92979340968932,99.59723809456973,0.00040465010425804154,0.0002768713845866892,1.461509302819788
16,14,4200,0.0,0.0,0.0,1.0,0.0,0,0,0,1,0,0,0,0,0,0,0,0,0,0,0,0,0,0,0,0,0,0,0,0,0,82.4974857896175,93.77608727955518,0.000358331795665675,0.000697531961864809,0.5137138013112644
16,15,4500,0.0,0.0,0.1,0.9,0.0,0,0,0,1,0,0,0,0,0,0,0,0,0,0,0,0,0,0,0,0,0,0,0,0,0,77.18338546747925,87.01343982213209,0.0005973038862079579,0.00043870492374566253,1.3615162581449451
16,16,4800,0.0,0.0,0.0,1.0,0.0,0,0,0,1,0,0,0,0,0,0,0,0,0,0,0,0,0,0,0,0,0,0,0,0,0,75.42080352618116,82.55137171459033,0.00014444320757916234,0.0015317521570777965,0.0942993335519267
16,17,5100,0.0,0.0,0.0,1.0,0.0,0,0,0,1,0,0,0,0,0,0,0,0,0,0,0,0,0,0,0,1,0,0,0,0,0,81.42091886431051,66.94881399258512,0.00035802916706882963,0.0004642456581706661,0.7712062800535894
16,18,5400,0.0,0.2,0.7,0.1,0.0,0,0,1,0,0,0,0,0,0,0,0,0,0,0,0,0,0,0,0,0,0,0,0,0,0,121.47570768321353,97.14649474606585,0.0004070129695634197,0.009492880769947185,0.042875601140167294
16,19,5700,0.0,0.1,0.7,0.0,0.2,0,0,1,0,0,0,0,0,0,0,0,0,0,0,0,0,0,0,0,0,0,0,0,0,0,94.83608614664995,77.9213746927364,0.0009653993507553441,0.0008908680587570675,1.0836614258033475
16,20,6000,0.1,0.5,0.0,0.0,0.4,0,0,0,0,0,0,0,0,0,0,0,0,0,0,0,0,0,0,0,0,0,0,0,0,0,58.94005750967244,35.00566964387971,0.0007356674445810102,0.000626222009054537,1.1747709820862295
16,21,6300,0.0,0.7,0.0,0.0,0.3,0,1,0,0,0,0,0,0,0,0,0,0,0,0,0,0,0,0,0,0,0,0,0,0,0,58.71491234040467,34.084117035986544,0.0005925988686446843,0.00040435955493888,1.4655245842632734
16,22,6600,0.5,0.3,0.1,0.0,0.1,0,0,0,0,0,0,0,0,0,0,0,0,0,0,0,0,0,0,0,0,0,0,0,0,0,129.4706001919608,58.273873972417285,0.004246182381299401,0.0012912217769371131,3.2884996653105585
16,23,6900,0.0,0.2,0.8,0.0,0.0,0,0,1,0,0,0,0,0,0,0,0,0,0,0,0,0,0,0,0,0,0,0,0,0,0,71.84745210504394,67.8609304560056,0.0007081941312703661,0.0014755709042749638,0.47994584958175507
16,24,7200,0.0,0.0,1.0,0.0,0.0,0,0,1,0,0,0,0,0,0,0,0,0,0,0,0,0,0,0,0,0,0,0,0,0,0,83.6434084603367,72.50381763348248,0.0007138915053671624,0.0006302514207140068,1.1327090775271882
16,25,7500,0.1,0.0,0.9,0.0,0.0,0,0,1,0,0,0,0,0,0,0,0,0,0,0,0,0,0,0,0,0,0,0,0,0,0,97.80965573926969,73.54524478373673,0.0004169447239224244,0.0009227751555278613,0.45183783007672834
16,26,7800,0.0,0.0,0.6,0.4,0.0,0,0,0,0,0,0,0,0,0,0,0,0,0,0,0,0,0,0,0,0,0,0,0,0,0,68.43758705189718,74.29757755783699,0.0006283241463611521,0.0012467814611094683,0.5039569210485596
16,27,8100,0.0,0.0,0.2,0.8,0.0,0,0,0,1,0,0,0,0,0,0,0,0,0,0,0,0,0,0,0,0,0,0,0,0,0,79.19367386465997,76.44149094872934,0.00048806743406729644,0.0008273128749607221,0.5899429935627052
16,28,8400,0.0,0.0,0.6,0.4,0.0,0,0,0,0,0,0,0,0,0,0,0,0,0,0,0,0,0,0,0,0,0,0,0,0,0,99.93069336827774,83.94725977800606,0.0006671681966619762,0.0007085419926231068,0.9416071363562237
16,29,8700,0.0,0.0,0.9,0.1,0.0,0,0,1,0,0,0,0,0,0,0,0,0,0,0,0,0,0,0,0,0,0,0,0,0,0,90.9299429827696,95.81730300719317,0.0005542436436394313,0.000637760345484229,0.8690468881670803
16,30,9000,0.0,0.2,0.8,0.0,0.0,0,0,1,0,0,0,0,0,0,0,0,0,0,0,0,0,0,0,0,0,0,0,0,0,0,151.1849683362542,109.0137037995069,0.0010268015876256436,0.0006524874477718273,1.5736725528315645
16,31,9300,0.0,0.0,1.0,0.0,0.0,0,0,1,0,0,0,0,0,0,0,0,0,0,0,0,0,0,0,0,0,0,0,0,0,0,80.62132686416471,85.40609985678913,0.0006066814681269144,0.001133452510961489,0.5352508925250663
16,32,9600,0.0,0.0,0.5,0.5,0.0,0,0,0,0,0,0,0,0,0,0,0,0,0,0,0,0,0,0,0,0,0,0,0,0,0,69.87422278135222,71.62552481804777,0.00025868021082475984,0.0007051701457910534,0.3668337526322456
16,33,9900,0.0,0.0,0.2,0.8,0.0,0,0,0,1,0,0,0,0,0,0,0,0,0,0,0,0,0,0,0,1,0,0,0,0,0,88.84199523071192,70.07447144016284,0.0005592129571900912,0.00042380046667812914,1.319519446435169
16,34,10200,0.0,0.0,1.0,0.0,0.0,0,0,1,0,0,0,0,0,0,0,0,0,0,0,0,0,0,0,0,0,0,0,0,0,0,100.28457427569529,84.5061854813154,0.004335915690776543,0.0029655824017249944,1.4620789792434918
16,35,10500,0.0,0.2,0.8,0.0,0.0,0,0,1,0,0,0,0,0,0,0,0,0,0,0,0,0,0,0,0,0,0,0,0,0,0,105.93722587578775,79.76389185033763,0.0016390435712966608,0.004285241500401076,0.3824856944802889
16,36,10800,0.0,0.0,1.0,0.0,0.0,0,0,1,0,0,0,0,0,0,0,0,0,0,0,0,0,0,0,0,0,0,0,0,0,0,70.774135923113,76.28688631992557,0.00028463859720065984,0.0006684420893079952,0.4258238697915207
16,37,11100,0.0,0.1,0.9,0.0,0.0,0,0,1,0,0,0,0,0,0,0,0,0,0,0,0,0,1,0,0,0,0,0,0,0,0,78.1967423464182,76.46476708952109,0.00045618798818867644,0.000705201968208241,0.6468898397259825
16,38,11400,0.0,0.1,0.0,0.0,0.9,0,0,0,0,1,0,0,0,0,0,0,0,0,0,0,0,0,0,0,0,0,0,0,0,0,56.20167726834214,38.311786838412104,0.00014858777494103617,0.00017861600024909503,0.8318839002878691
16,39,11700,0.0,0.1,0.0,0.0,0.9,0,0,0,0,1,0,0,0,0,0,0,0,0,0,0,0,0,0,0,0,0,0,0,0,0,82.50520009177355,51.83962657523005,0.00017701412088162656,0.00035927143236535276,0.4927030232162076
16,40,12000,0.0,0.0,0.0,0.0,1.0,0,0,0,0,1,0,0,0,0,0,0,0,0,0,0,0,0,0,0,0,0,0,0,0,0,44.877576733610724,31.03140256592076,8.495606589322448e-05,0.00029792213908368494,0.28516197606033133
16,41,12300,0.0,0.2,0.0,0.0,0.8,0,0,0,0,1,0,0,0,0,0,0,0,0,0,0,0,0,0,0,0,0,0,0,0,0,108.38064491997561,80.35181263121993,0.002351993415680853,0.0016578380113527536,1.4187112369088983
16,42,12600,0.1,0.4,0.0,0.0,0.5,0,0,0,0,0,0,0,0,0,0,0,0,0,0,0,0,0,0,0,0,0,0,0,0,0,89.964042481717,62.67410939349184,0.0017365679890572238,0.0002491833111466345,6.969038099165969
16,43,12900,0.0,0.3,0.0,0.0,0.7,0,0,0,0,1,0,0,0,0,0,0,0,0,0,0,0,0,0,0,0,0,0,0,0,0,96.92017129513205,82.72825630749546,0.001448477701617512,0.0021539636585817482,0.6724708171591182
16,44,13200,0.0,0.2,0.0,0.0,0.8,0,0,0,0,1,0,0,0,0,0,0,0,0,0,0,0,0,0,0,0,0,0,0,0,0,92.81368233006431,77.60471036880288,0.0011666079895017792,0.0017805072637972652,0.6552110250950446
16,45,13500,0.2,0.3,0.5,0.0,0.0,0,0,0,0,0,0,0,0,0,0,0,0,0,0,0,0,0,0,0,0,0,0,0,0,0,152.52153068314328,135.2274604115264,0.006709739369657502,0.006104771725619688,1.0990975045797318
16,46,13800,0.0,0.1,0.9,0.0,0.0,0,0,1,0,0,0,0,0,0,0,0,0,0,0,0,0,0,0,0,0,0,0,0,0,0,107.02550406457267,111.5126113943774,0.0011278541581592062,0.002312012177906842,0.48782362348121283
16,47,14100,0.0,0.0,1.0,0.0,0.0,0,0,1,0,0,0,0,0,0,0,0,0,0,0,0,0,0,0,0,0,0,0,0,0,0,108.40389046115897,123.60328707299098,0.00129166591493628,0.0027709249368373045,0.466149731363914
16,48,14400,0.0,0.0,1.0,0.0,0.0,0,0,1,0,0,0,0,0,0,0,0,0,0,0,0,0,0,0,0,0,0,0,0,0,0,92.91889722113089,113.45686286659564,0.00017513875854090842,0.0005906173302449247,0.2965350821457942
16,49,14700,0.0,0.0,1.0,0.0,0.0,0,0,1,0,0,0,0,0,0,0,0,0,0,0,0,0,0,0,0,0,0,0,0,0,0,102.29720780271539,124.18807497540679,0.0005862485369149146,0.0007579026540587647,0.773514294712391
16,50,15000,0.1,0.2,0.7,0.0,0.0,0,0,1,0,0,0,0,0,0,0,0,0,0,0,0,0,0,0,0,0,0,0,0,0,0,141.56843438234114,109.70188370990384,0.001198629268852805,0.0028437982984631837,0.4214888480313656
16,51,15300,0.0,0.0,0.8,0.2,0.0,0,0,1,0,0,0,0,0,0,0,0,0,0,0,0,0,0,0,0,0,0,0,0,0,0,79.56742629173496,92.0859743211147,0.00035700623528897075,0.0006678592060828964,0.5345531394002498
16,52,15600,0.0,0.0,0.6,0.4,0.0,0,0,0,0,0,0,0,0,0,0,0,0,0,0,0,0,0,0,0,0,0,0,0,0,0,75.48134765510675,85.9870706314954,0.0004186333334536333,0.0008070238209858517,0.5187372696660122
16,53,15900,0.0,0.0,0.1,0.9,0.0,0,0,0,1,0,0,0,0,0,0,0,0,0,0,0,0,0,0,0,0,0,0,0,0,0,82.5379308727503,98.10365794755302,0.000301599302328515,0.001035083458399574,0.29137679660618093
16,54,16200,0.0,0.0,0.0,1.0,0.0,0,0,0,1,0,0,0,0,0,0,0,0,0,0,0,0,0,0,0,0,0,0,0,0,0,76.77305512584506,90.16728896884356,0.00011485595034338336,0.0007822206002866884,0.1468331955221941
16,55,16500,0.0,0.0,0.1,0.9,0.0,0,0,0,1,0,0,0,0,0,0,0,0,0,0,0,0,0,0,0,1,0,0,0,0,0,98.70352185270573,98.79007910567238,0.00031410933016993677,0.0002785827259437569,1.127526228002207
16,56,16800,0.0,0.1,0.9,0.0,0.0,0,0,1,0,0,0,0,0,0,0,0,0,0,0,0,0,0,0,0,0,0,0,0,0,0,101.09693661203075,116.42345812932913,0.0007071103613437611,0.0015437776332726052,0.4580389986897143
16,57,17100,0.0,0.2,0.7,0.1,0.0,0,0,1,0,0,0,0,0,0,0,0,0,0,0,0,0,0,0,0,0,0,0,0,0,0,139.6173694119607,131.99331915433956,0.0016118302281562574,0.0053319413848913495,0.3022970643907598
16,58,17400,0.0,0.1,0.9,0.0,0.0,0,0,1,0,0,0,0,0,0,0,0,0,0,0,0,0,0,0,0,0,0,0,0,0,0,119.24861868965473,120.346880008466,0.0006871261652641974,0.00331616666819458,0.20720495500254496
16,59,17700,0.0,0.0,1.0,0.0,0.0,0,0,1,0,0,0,0,0,0,0,0,0,0,0,0,0,0,0,0,0,0,0,0,0,0,129.29047226176397,137.33662894620218,0.004710144150343004,0.00480445716024854,0.9803696844909203
16,60,18000,0.0,0.0,0.6,0.0,0.4,0,0,0,0,0,0,0,0,0,0,0,0,0,0,0,0,0,0,0,0,0,0,0,0,0,102.99797242521946,104.04137283202991,0.0006355480413079246,0.0009619205685115281,0.6607074036179194
16,61,18300,0.3,0.2,0.0,0.0,0.5,0,0,0,0,0,0,0,0,0,0,0,0,0,0,0,0,0,0,0,0,0,0,0,0,0,153.92552910380172,103.04380926197638,0.000773580160724701,0.0010093730722083418,0.7663966694021619
16,62,18600,0.0,0.1,0.0,0.0,0.9,0,0,0,0,1,0,0,0,0,0,0,0,0,0,0,0,0,0,0,0,0,0,0,0,0,132.933442543843,120.55277369720207,0.0018921698670574022,0.0025750894450135915,0.734797725462082
16,63,18900,0.0,0.1,0.0,0.0,0.9,0,0,0,0,1,0,0,0,0,0,0,0,0,0,0,0,0,0,0,0,0,0,0,0,0,96.83785221181533,78.94433529121824,0.0031458140951126563,0.0017822737030148712,1.765056674399245
16,64,19200,0.1,0.1,0.0,0.0,0.8,0,0,0,0,1,0,0,0,0,0,0,0,0,0,0,0,0,0,0,0,0,0,0,0,0,126.89685206670092,91.02949117451962,0.0006878398200178722,0.0004558719456750043,1.50884437295082
16,65,19500,0.1,0.5,0.0,0.0,0.4,0,0,0,0,0,0,0,0,0,0,0,0,0,0,0,0,0,0,0,0,0,0,0,0,0,169.349142730296,145.1675031142592,0.007988576800328181,0.0020172911215699967,3.9600515339158946
16,66,19800,0.0,0.0,0.0,0.0,1.0,0,0,0,0,1,0,0,0,0,0,0,0,0,0,0,0,0,0,0,0,0,0,0,0,0,136.81255138346285,134.01517493948637,0.0014318320821489119,0.00463549703840979,0.3088842620941686
16,67,20100,0.0,0.2,0.0,0.0,0.8,0,0,0,0,1,0,0,0,0,0,0,0,0,0,0,0,0,0,0,0,0,0,0,0,0,104.32364080556658,114.82011175993247,0.0005332359958916122,0.0020369083302038088,0.261786938560096
16,68,20400,0.0,0.0,0.0,0.0,1.0,0,0,0,0,1,0,0,0,0,0,0,0,0,0,0,0,0,0,0,0,0,0,0,0,0,99.64788467626359,107.7828956627564,0.0008123256924639939,0.0014468442157918437,0.5614465493919233
16,69,20700,0.1,0.0,0.0,0.0,0.9,0,0,0,0,1,0,0,0,0,0,0,0,0,0,0,0,0,0,0,0,0,0,0,0,0,123.85906070248406,98.22568537012187,0.0005436904143573679,0.0017619917577428948,0.3085658102361576
16,70,21000,0.0,0.6,0.1,0.0,0.3,0,0,0,0,0,0,0,0,0,0,0,0,0,0,0,0,0,0,0,0,0,0,0,0,0,133.47075382371537,138.40155345974716,0.0011015473304418107,0.0028608227887315183,0.38504563609486414
16,71,21300,0.0,0.8,0.0,0.0,0.2,0,1,0,0,0,0,0,0,0,0,0,0,0,0,0,0,0,0,0,0,0,0,0,0,0,151.70814720019433,131.73980668982617,0.00996156445407621,0.0027235929859802457,3.657508484326983
16,72,21600,0.0,0.6,0.2,0.0,0.2,0,0,0,0,0,0,0,0,0,0,0,0,0,0,0,0,0,0,0,0,0,0,0,0,0,108.883877750407,118.80164834636649,0.0009410127679344856,0.001616877620156691,0.5819938109127223
16,73,21900,0.0,0.4,0.6,0.0,0.0,0,0,0,0,0,0,0,0,0,0,0,0,0,0,0,0,0,0,0,0,0,0,0,0,0,127.36615597331638,135.6620213168234,0.002575215359421571,0.0009664938353663212,2.6644922762963215
16,74,22200,0.0,0.0,1.0,0.0,0.0,0,0,1,0,0,0,0,0,0,0,0,0,0,0,0,0,0,0,0,0,0,0,0,0,0,104.44883079038547,127.12874486136484,0.0013126205284897036,0.0006253540682966752,2.0990037404969457
16,75,22500,0.1,0.1,0.8,0.0,0.0,0,0,1,0,0,0,0,0,0,0,0,0,0,0,0,0,0,0,0,0,0,0,0,0,0,186.32845315394596,158.14250062844854,0.016575441431344862,0.014476720777927273,1.1449721028409638
16,76,22800,0.0,0.0,1.0,0.0,0.0,0,0,1,0,0,0,0,0,0,0,0,0,0,0,0,0,0,0,0,0,0,0,0,0,0,77.61018153431735,96.08058683568635,0.0004948524002907857,0.0004106084761480095,1.2051684975748267
16,77,23100,0.0,0.0,1.0,0.0,0.0,0,0,1,0,0,0,0,0,0,0,0,0,0,0,0,0,0,0,0,0,0,0,0,0,0,96.41988644525239,104.61918376238192,0.0006893974960760316,0.0008325276863962475,0.8280775610721347
16,78,23400,0.0,0.0,1.0,0.0,0.0,0,0,1,0,0,0,0,0,0,0,0,0,0,0,0,0,0,0,0,0,0,0,0,0,0,94.12235542616567,111.56845937272486,0.0005775410357537796,0.0009696253168819187,0.5956332056293789
16,79,23700,0.3,0.3,0.4,0.0,0.0,0,0,0,0,0,0,0,0,0,0,0,0,0,0,0,0,0,0,0,0,0,0,0,0,0,194.10938369461653,116.77989136286564,0.0036952494294725845,0.008030350159946223,0.4601604358305255
16,80,24000,0.3,0.5,0.2,0.0,0.0,0,0,0,0,0,0,0,0,0,0,0,0,0,0,0,0,0,0,0,0,0,0,0,0,0,141.15742314734095,115.70480253169993,0.0030615565166547776,0.0033833146223630137,0.9048985561137349
16,81,24300,0.0,0.3,0.7,0.0,0.0,0,0,1,0,0,0,0,0,0,0,0,0,0,0,0,0,0,0,0,0,0,0,0,0,0,107.48714829883667,110.62078875196005,0.0003320791025632088,0.0028806396922044465,0.11527963856843235
16,82,24600,0.0,0.0,1.0,0.0,0.0,0,0,1,0,0,0,0,0,0,0,0,0,0,0,0,0,0,0,0,0,0,0,0,0,0,109.88822006774727,115.26101851481754,0.0009981513277168002,0.0026053241950561336,0.3831198165705801
16,83,24900,0.0,0.2,0.8,0.0,0.0,0,0,1,0,0,0,0,0,0,0,0,0,0,0,0,0,0,0,0,0,0,0,0,0,0,107.74532816495288,100.25686074825917,0.00023062932717130442,0.0007145510089211223,0.3227611805062374
16,84,25200,0.0,0.0,1.0,0.0,0.0,0,0,1,0,0,0,0,0,0,0,0,0,0,0,0,0,0,0,0,0,0,0,0,0,0,130.63393817925692,131.44231294625732,0.0025436993848538493,0.005719202930830015,0.4447646666184457
16,85,25500,0.0,0.2,0.8,0.0,0.0,0,0,1,0,0,0,0,0,0,0,0,0,0,0,0,0,0,0,0,0,0,0,0,0,0,141.30690769646307,146.96208064290408,0.0007516909275085794,0.005535573111545036,0.13579279188650709
16,86,25800,0.0,0.3,0.7,0.0,0.0,0,0,1,0,0,0,0,0,0,0,0,0,0,0,0,0,1,0,0,0,0,0,0,0,0,141.87429509699209,145.63368680262897,0.0020305740389854267,0.005282130604666904,0.3844232925992705
16,87,26100,0.0,0.0,0.0,0.0,1.0,0,0,0,0,1,0,0,0,0,0,0,0,0,0,0,0,0,0,0,0,0,0,0,0,0,101.34714877016899,76.32026685317295,0.0008575031611700961,0.0008036404672769391,1.0670233718763138
16,88,26400,0.2,0.2,0.0,0.0,0.6,0,0,0,0,0,0,0,0,0,0,0,0,0,0,0,0,0,0,0,0,0,0,0,0,0,156.68427807245428,101.62130636954178,0.003333117667079908,0.0020149573497278334,1.654187701556126
16,89,26700,0.0,0.0,0.0,0.0,0.1,0,0,0,0,0,0,0,0,0,0,0,0,0,0,0,0,0,0,0,0,0,0,0,0,0,150.7046057470681,77.92200657644439,0.0035265576788991327,0.0014288143198473617,2.4681707272333817
16,90,27000,0.0,0.0,0.0,0.0,0.0,0,0,0,0,0,0,0,0,0,0,0,0,0,0,0,0,0,0,0,0,0,0,0,0,0,88.26240731848493,58.7588433455505,0.00126528815386488,0.0012187642788414389,1.0381729886829856
16,91,27300,0.0,0.0,0.0,0.0,0.0,0,0,0,0,0,0,0,0,0,0,0,0,0,0,0,0,0,0,0,0,0,0,0,0,0,68.24358441090781,59.87872358903414,,0.0,
25,0,0,0.0,0.0,0.0,0.0,0.0,0,0,0,0,0,0,0,0,0,0,0,0,0,0,0,0,0,0,0,0,0,0,0,0,0,14917.384989729877,13592.087153260098,,0.0,
25,1,300,0.0,0.0,0.0,0.0,0.0,0,0,0,0,0,0,0,0,0,0,0,0,0,0,0,0,0,0,0,0,0,0,0,0,0,7108.414443795593,11071.882495763768,,,
25,2,600,0.0,0.0,0.0,0.0,0.0,0,0,0,0,0,0,0,0,0,0,0,0,0,0,0,0,0,0,0,0,0,0,0,0,0,5437.748807967385,4513.129459891327,0.17391549623345104,0.8930542587605592,0.1947423625467311
25,7,2100,0.0,0.0,0.0,0.0,0.0,0,0,0,0,0,0,0,0,0,0,0,0,0,0,0,0,0,0,0,0,0,0,0,0,0,12332.8814295174,12297.241308867238,1.8925974607186071,3.315874009127294,0.5707688095232305
25,8,2400,0.0,0.0,0.0,0.0,0.0,0,0,0,0,0,0,0,0,0,0,0,0,0,0,0,0,0,0,0,0,0,0,0,0,0,2077.971178230401,1419.863944366785,0.17017465711970708,0.4865564627486562,0.34975315333056295
25,9,2700,0.0,0.0,0.0,0.0,0.0,0,0,0,0,0,0,0,0,0,0,0,0,0,0,0,0,0,0,0,0,0,0,0,0,0,158.53109778406903,140.4364966598867,0.003914337190038942,0.002314346238322295,1.6913360348694002
25,10,3000,0.0,0.0,0.0,0.0,0.0,0,0,0,0,0,0,0,0,0,0,0,0,0,0,0,0,0,0,0,0,0,0,0,0,0,343.0915107960646,495.2797611865272,0.0020887745365449624,0.002479347796341813,0.8424693540885522
25,11,3300,0.0,0.0,0.0,0.0,0.0,0,0,0,0,0,0,0,0,0,0,0,0,0,0,0,0,0,0,0,0,0,0,0,0,0,252.34416653352724,254.83126717347608,0.007431353205607981,0.007060390996236822,1.0525413124526506
25,12,3600,0.7,0.0,0.0,0.0,0.0,1,0,0,0,0,0,0,0,0,0,0,0,0,0,0,0,0,0,0,0,0,0,0,0,0,604.1404389255842,451.97841031940703,0.12300030375931145,0.400181628159,0.3073611957779357
25,13,3900,0.9,0.1,0.0,0.0,0.0,1,0,0,0,0,0,0,0,0,0,0,0,0,0,0,0,0,0,0,0,0,0,0,0,0,266.24305184256013,212.9326634148478,0.01233759703595318,0.009828047892435743,1.2553456363851194
25,14,4200,0.5,0.5,0.0,0.0,0.0,0,0,0,0,0,0,0,0,0,0,0,0,0,0,0,0,0,0,0,0,0,0,0,0,0,786.6878254757735,483.1605659391651,0.010664071108803614,0.02191620038276481,0.4865839389381556
25,15,4500,0.5,0.3,0.2,0.0,0.0,0,0,0,0,0,0,0,0,0,0,0,0,0,0,0,0,0,0,0,0,0,0,0,0,0,216.15285220750928,176.49432345581428,0.006912321633634113,0.001985191644768089,3.481941731848067
25,16,4800,0.2,0.3,0.5,0.0,0.0,0,0,0,0,0,0,0,0,0,0,0,0,0,0,0,0,0,0,0,0,0,0,0,0,0,245.9439352713113,264.9890721017138,0.006825275014192894,0.010759547434749661,0.6343459198060308
25,17,5100,0.1,0.1,0.8,0.0,0.0,0,0,1,0,0,0,0,0,0,0,0,0,0,0,0,0,0,0,0,0,0,0,0,0,0,240.81492922397717,267.36500353035933,0.011315357297032261,0.011656944657517355,0.9706966644759002
25,18,5400,0.1,0.1,0.8,0.0,0.0,0,0,1,0,0,0,0,0,0,0,0,0,0,0,0,1,0,0,0,0,0,0,0,0,0,205.37431763695483,221.61257774645057,0.0045745663320130485,0.004948476621267472,0.9244393137784185
25,19,5700,0.0,0.0,0.2,0.8,0.0,0,0,0,1,0,0,0,0,0,0,0,0,0,0,0,0,0,0,0,0,0,0,0,0,0,175.6914050449217,215.45279440005152,0.002139567778272601,0.005210581816349972,0.41061974529580936
25,20,6000,0.0,0.0,0.0,1.0,0.0,0,0,0,1,0,0,0,0,0,0,0,0,0,0,0,0,0,0,0,0,0,0,0,0,0,168.92825082559676,212.3031363942879,0.001638268854098208,0.003471753557014226,0.4718851229484014
25,21,6300,0.0,0.0,0.0,1.0,0.0,0,0,0,1,0,0,0,0,0,0,0,0,0,0,0,0,0,0,0,0,0,0,0,0,0,160.67420631205678,194.78809949201704,0.0008433700385567901,0.0016388693920521098,0.5146047895255184
25,22,6600,0.4,0.0,0.5,0.1,0.0,0,0,0,0,0,0,0,0,0,0,0,0,0,0,0,0,0,0,0,0,0,0,0,0,0,401.2479641222344,449.78140449328714,0.0058560173888118575,0.00481014980413776,1.2174293166034926
25,23,6900,0.3,0.4,0.3,0.0,0.0,0,0,0,0,0,0,0,0,0,0,0,0,0,0,0,0,0,0,0,0,0,0,0,0,0,232.46238347874996,224.4269985167379,0.002981722058450878,0.005608272754380713,0.5316649508749028
25,24,7200,0.2,0.5,0.3,0.0,0.0,0,0,0,0,0,0,0,0,0,0,0,0,0,0,0,0,0,0,0,0,0,0,0,0,0,258.3183124347952,282.02899092849714,0.0030653374968612414,0.00869496149511228,0.35254181385212197
25,25,7500,0.7,0.2,0.1,0.0,0.0,1,0,0,0,0,0,0,0,0,0,0,0,0,0,0,0,0,0,0,0,0,0,0,0,0,211.8090640567888,201.55499524289385,0.00801494845170611,0.006284260719773563,1.2754003707209187
25,26,7800,0.8,0.1,0.1,0.0,0.0,1,0,0,0,0,0,0,0,0,0,0,0,0,0,0,0,0,0,0,0,0,0,0,0,0,233.65801222834145,233.34066924679692,0.003230447181275296,0.017340316733207375,0.18629689589745874
25,27,8100,0.4,0.6,0.0,0.0,0.0,0,0,0,0,0,0,0,0,0,0,0,0,0,0,0,0,0,0,0,0,0,0,0,0,0,243.6082687376175,274.5301660231933,0.011193878151101285,0.008082328946900277,1.3849817576893286
25,28,8400,0.6,0.4,0.0,0.0,0.0,0,0,0,0,0,0,0,0,0,0,0,0,0,0,0,0,0,0,0,0,0,0,0,0,0,215.2114389028523,163.21221545201112,0.006156305316836025,0.012068920010486659,0.510095792455897
25,29,8700,1.0,0.0,0.0,0.0,0.0,1,0,0,0,0,0,0,0,0,0,0,0,0,0,0,0,0,0,0,0,0,0,0,0,0,5912.3048858993225,3629.187531636331,3.6663126175004894,3.9582410931957948,0.9262479296177463
25,30,9000,1.0,0.0,0.0,0.0,0.0,1,0,0,0,0,0,0,0,0,0,0,0,0,0,0,0,0,0,0,0,0,0,0,0,0,5541.945083468115,2194.200711194464,0.009136483228950169,0.011362128066701874,0.8041172547355602
25,31,9300,1.0,0.0,0.0,0.0,0.0,1,0,0,0,0,0,0,0,0,0,0,0,0,0,0,0,0,0,0,0,0,0,0,0,0,282.7053846424016,339.1079444951998,0.007835124055496164,0.013680160906216418,0.5727362499030108
25,32,9600,1.0,0.0,0.0,0.0,0.0,1,0,0,0,0,0,0,0,0,0,0,0,0,0,0,0,0,0,0,0,0,0,0,0,0,287.0932001397068,346.6575329958003,0.002514053518531876,0.014491365538763038,0.17348630892009587
25,33,9900,1.0,0.0,0.0,0.0,0.0,1,0,0,0,0,0,0,0,0,0,0,0,0,0,0,0,0,0,0,0,0,0,0,0,0,369.5076549278942,444.427601097561,0.0034926568517965324,0.013814200240039324,0.25283091247463996
25,34,10200,1.0,0.0,0.0,0.0,0.0,1,0,0,0,0,0,0,0,0,0,0,0,0,0,0,0,0,0,0,0,0,0,0,0,0,390.99200287630475,483.2624899867531,0.011024774032663094,0.029683069589793134,0.37141623777529026
25,35,10500,1.0,0.0,0.0,0.0,0.0,1,0,0,0,0,0,0,0,0,0,0,0,0,0,0,0,0,0,0,0,0,0,0,0,0,143.34283282077755,99.70580949565397,0.003356087320260834,0.0026297456342556235,1.276202259467125
25,36,10800,0.8,0.2,0.0,0.0,0.0,1,0,0,0,0,0,0,0,0,0,0,0,0,0,0,0,0,0,0,0,0,0,0,0,0,176.46516041918863,180.1450431155446,0.0010362687610557014,0.0038432749376463063,0.2696317015743692
25,37,11100,0.2,0.5,0.3,0.0,0.0,0,0,0,0,0,0,0,0,0,0,0,0,0,0,0,0,0,0,0,0,0,0,0,0,0,205.20146761763934,246.74919790484844,0.004208294896362021,0.004046771694686795,1.0399140880339992
25,38,11400,0.2,0.4,0.4,0.0,0.0,0,0,0,0,0,0,0,0,0,0,0,0,0,0,0,0,0,0,0,0,0,0,0,0,0,231.68846368423416,265.40402489138097,0.002938567125710545,0.012538513424052933,0.23436327946767763
25,39,11700,0.0,0.1,0.9,0.0,0.0,0,0,1,0,0,0,0,0,0,0,0,0,0,0,0,0,0,0,0,0,0,0,0,0,0,227.743576869414,260.1937604601634,0.0015719558467799728,0.007571747110570546,0.2076080756296578
25,40,12000,0.0,0.0,1.0,0.0,0.0,0,0,1,0,0,0,0,0,0,0,0,0,0,0,0,1,0,0,0,0,0,0,0,0,0,212.5196803424312,258.1351205946264,0.0018571806266627915,0.010379357777138744,0.1789302061398597
25,41,12300,0.0,0.0,0.2,0.8,0.0,0,0,0,1,0,0,0,0,0,0,0,0,0,0,0,0,0,0,0,0,0,0,0,0,0,144.23533054585212,176.83147555890994,0.003401679194525391,0.001887068716627135,1.8026260329329211
25,42,12600,0.0,0.0,0.0,1.0,0.0,0,0,0,1,0,0,0,0,0,0,0,0,0,0,0,0,0,0,0,0,0,0,0,0,0,121.75331640397796,157.08736422763425,0.00045604674260137963,0.0006873967233344766,0.6634403789258018
25,43,12900,0.0,0.0,0.4,0.6,0.0,0,0,0,0,0,0,0,0,0,0,0,0,0,0,0,0,0,0,0,0,0,0,0,0,0,125.0750724881123,134.21614729060892,0.0009024126760890952,0.0015338591056200147,0.5883282713403608
25,44,13200,0.3,0.3,0.4,0.0,0.0,0,0,0,0,0,0,0,0,0,0,0,0,0,0,0,0,0,0,0,0,0,0,0,0,0,133.8583394267177,92.44303497135849,0.0029037012977130524,0.0014615746384500198,1.9866938172876265
25,45,13500,0.0,0.0,1.0,0.0,0.0,0,0,1,0,0,0,0,0,0,0,0,0,0,0,0,0,0,0,0,0,0,0,0,0,0,151.97710158131852,164.8231912849308,0.0013671520316435731,0.004852155598824577,0.2817617868591771
25,46,13800,0.0,0.1,0.9,0.0,0.0,0,0,1,0,0,0,0,0,0,0,0,0,0,1,0,0,0,0,0,0,0,0,0,0,0,131.00571553488848,134.2556815925832,0.0014915785112968644,0.001947405347891585,0.7659311980999565
25,47,14100,0.9,0.0,0.1,0.0,0.0,1,0,0,0,0,0,0,0,0,0,0,0,0,0,0,0,0,0,0,0,0,0,0,0,0,78.74726560383026,51.426809291282126,0.0033748102285664607,0.0006176684934996188,5.4637888512740584
25,48,14400,0.6,0.2,0.2,0.0,0.0,0,0,0,0,0,0,0,0,0,0,0,0,0,0,0,0,0,0,0,0,0,0,0,0,0,139.714919763428,116.38841878133738,0.0005606914692161575,0.0012533889747311361,0.44734035524481225
25,49,14700,0.1,0.2,0.7,0.0,0.0,0,0,1,0,0,0,0,0,0,0,0,0,0,0,0,0,0,0,0,0,0,0,0,0,0,168.95005710231302,166.5277092294095,0.003335946579189488,0.0054464721746036475,0.6124967634544561
25,50,15000,0.2,0.1,0.7,0.0,0.0,0,0,1,0,0,0,0,0,0,0,0,0,0,0,0,0,0,0,0,0,0,0,0,0,0,182.51638353183796,194.1799054081733,0.0034454958636889787,0.003996418628503808,0.8621458820941675
25,51,15300,0.0,0.0,1.0,0.0,0.0,0,0,1,0,0,0,0,0,0,0,0,0,0,0,0,0,0,0,0,0,0,0,0,0,0,200.66243729429604,196.5801103290359,0.0014034124794058743,0.005550130667373181,0.2528611601265407
25,52,15600,0.3,0.1,0.6,0.0,0.0,0,0,0,0,0,0,0,0,0,0,0,0,0,0,0,0,0,0,0,0,0,0,0,0,0,135.99129723516117,112.97657320520064,0.003064794550958776,0.003907762589546667,0.7842837124131222
25,53,15900,1.0,0.0,0.0,0.0,0.0,1,0,0,0,0,0,0,0,0,0,0,0,0,0,0,0,0,0,0,0,0,0,0,0,0,140.52328359748518,109.99961078615854,0.0019066837184103982,0.0011875076919674048,1.6056179941466295
25,54,16200,1.0,0.0,0.0,0.0,0.0,1,0,0,0,0,0,0,0,0,0,0,0,0,0,0,0,0,0,0,0,0,0,0,0,0,161.06522507488265,103.58212359811553,0.01774345337345849,0.005542725763256919,3.2012143720118664
25,55,16500,1.0,0.0,0.0,0.0,0.0,1,0,0,0,0,0,0,0,0,0,0,0,0,0,0,0,0,0,0,0,0,0,0,0,0,208.63754374995492,186.92470785110228,0.013714622013912423,0.010556879630485108,1.2991170207443399
25,56,16800,1.0,0.0,0.0,0.0,0.0,1,0,0,0,0,0,0,0,0,0,0,0,0,0,0,0,0,0,0,0,0,0,0,0,0,413.6728157582854,485.62175384233973,0.04987907621678049,0.05582440682630872,0.8934994396263547
25,57,17100,0.8,0.2,0.0,0.0,0.0,1,0,0,0,0,0,0,0,0,0,0,0,0,0,0,0,0,0,0,0,0,0,0,0,0,238.35959580883193,241.350720926435,0.009781893150665074,0.013819099950718079,0.7078531297660077
25,58,17400,0.8,0.2,0.0,0.0,0.0,1,0,0,0,0,0,0,0,0,0,0,0,0,0,0,0,0,0,0,0,0,0,0,0,0,230.20594644309085,224.27137819857884,0.008290175087149063,0.010715702398789677,0.7736473801367818
25,59,17700,0.4,0.2,0.4,0.0,0.0,0,0,0,0,0,0,0,0,0,0,0,0,0,0,0,0,0,0,0,0,0,0,0,0,0,766.0791871464817,469.4592437580464,0.3466226712331713,0.46476131656331815,0.7458079209265432
25,60,18000,1.0,0.0,0.0,0.0,0.0,1,0,0,0,0,0,0,0,0,0,0,0,0,0,0,0,0,0,0,0,0,0,0,0,0,8620.90214020059,8710.890495311603,0.003736931008219162,0.023112600976958934,0.16168370716668914
25,61,18300,1.0,0.0,0.0,0.0,0.0,1,0,0,0,0,0,0,0,0,0,0,0,0,0,0,0,0,0,0,0,0,0,0,0,0,23083.226821741522,7767.613720717762,0.0,0.6375646712406442,0.0
25,62,18600,1.0,0.0,0.0,0.0,0.0,1,0,0,0,0,0,0,0,0,0,0,0,0,0,0,0,0,0,0,0,0,0,0,0,0,271.414790964523,310.04659148074273,0.006180296893646524,0.0061646611268186425,1.0025363546359198
25,63,18900,1.0,0.0,0.0,0.0,0.0,1,0,0,0,0,0,0,0,0,0,0,0,0,0,0,0,0,0,0,0,0,0,0,0,0,238.44513758055325,260.1121065711185,0.0028232071987061656,0.01688744161585639,0.16717791024398435
25,64,19200,1.0,0.0,0.0,0.0,0.0,1,0,0,0,0,0,0,0,0,0,0,0,0,0,0,0,0,0,0,0,0,0,0,0,0,199.7131228024537,201.8926248533745,0.00892226143176219,0.013433174634905341,0.6641960425779175
25,65,19500,0.8,0.2,0.0,0.0,0.0,1,0,0,0,0,0,0,0,0,0,0,0,0,0,0,0,0,0,0,0,0,0,0,0,0,243.80316075417238,273.58341066533177,0.006884988541213719,0.005548030362814513,1.2409788863738245
25,66,19800,0.1,0.3,0.6,0.0,0.0,0,0,0,0,0,0,0,0,0,0,0,0,0,0,0,0,0,0,0,0,0,0,0,0,0,292.37627930671886,271.98872035461284,0.004191161657452742,0.01891945068855087,0.22152660383469955
25,67,20100,0.0,0.1,0.9,0.0,0.0,0,0,1,0,0,0,0,0,0,0,0,0,0,0,0,0,0,0,0,0,0,0,0,0,0,270.150332255809,266.57346539252137,0.011890393811149263,0.013322379892150826,0.8925127422732293
25,68,20400,0.0,0.1,0.9,0.0,0.0,0,0,1,0,0,0,0,0,0,0,0,0,0,0,0,0,0,0,0,0,0,0,0,0,0,273.61143074056884,281.7435644164884,0.009102357986375416,0.0108988925638694,0.8351635666682665
25,69,20700,0.0,0.0,1.0,0.0,0.0,0,0,1,0,0,0,0,0,0,0,0,0,0,0,0,0,0,0,0,0,0,0,0,0,0,221.79823205898003,226.20287614551162,0.009518139896743954,0.007902808998329265,1.2043995873816746
25,70,21000,0.0,0.0,0.8,0.2,0.0,0,0,1,0,0,0,0,0,0,0,0,0,0,0,0,1,0,0,0,0,0,0,0,0,0,201.14206398864724,240.78881403463052,0.0026158915431980377,0.008716009461469889,0.30012490862497154
25,71,21300,0.0,0.0,0.0,1.0,0.0,0,0,0,1,0,0,0,0,0,0,0,0,0,0,0,0,0,0,0,0,0,0,0,0,0,134.6698493864137,181.08503719968812,0.0005103974182342991,0.001058598366297969,0.4821445360993831
25,72,21600,0.1,0.0,0.0,0.9,0.0,0,0,0,1,0,0,0,0,0,0,0,0,0,0,0,0,0,0,0,1,0,0,0,0,0,180.2695567933102,191.38501044283808,0.0007446847671377913,0.0004698882718225317,1.584812415618335
25,73,21900,0.1,0.2,0.7,0.0,0.0,0,0,1,0,0,0,0,0,0,0,0,0,0,0,0,0,0,0,0,0,0,0,0,0,0,207.15619044820647,212.23336212777545,0.00813275112357938,0.00836580591157007,0.9721419800490028
25,74,22200,0.0,0.1,0.7,0.0,0.2,0,0,1,0,0,0,0,0,0,0,0,0,0,0,0,0,1,0,0,0,0,0,0,0,0,150.41635194781858,168.91854156438447,0.001571259340007135,0.002770010709610024,0.5672394458822669
25,75,22500,0.0,0.0,0.0,0.0,1.0,0,0,0,0,1,0,0,0,0,0,0,0,0,0,0,0,0,0,0,0,0,0,0,0,0,113.72367078113675,87.54605930579609,0.003955608274120141,0.0007976431715192333,4.959120086975835
25,76,22800,0.0,0.0,0.0,0.0,1.0,0,0,0,0,1,0,0,0,0,0,0,0,0,0,0,0,0,0,0,0,0,0,0,0,0,110.72913418071523,111.26146213673857,0.0015374511864552584,0.0029713845137613495,0.5174191288050647
25,77,23100,0.0,0.2,0.0,0.0,0.8,0,0,0,0,1,0,0,0,0,0,0,0,0,0,0,0,0,0,0,0,0,0,0,0,0,118.89047316634232,107.74798954845947,0.005323464132947689,0.0009198256910891483,5.787470587654793
25,78,23400,0.4,0.2,0.4,0.0,0.0,0,0,0,0,0,0,0,0,0,0,0,0,0,0,0,0,0,0,0,0,0,0,0,0,0,307.15930293626514,268.6476335652123,0.004913960769842128,0.011459667776918706,0.4288048192583294
25,79,23700,0.0,0.0,1.0,0.0,0.0,0,0,1,0,0,0,0,0,0,0,0,0,0,0,0,0,0,0,0,0,0,0,0,0,0,310.1970166641333,327.44540665495435,0.014383906057559867,0.013954674522402075,1.0307589786109828
25,80,24000,0.0,0.0,1.0,0.0,0.0,0,0,1,0,0,0,0,0,0,0,0,0,0,0,0,0,0,0,0,0,0,0,0,0,0,312.8496527500279,382.95384614347734,0.012790924169837087,0.020023493975986042,0.6387958158140185
25,81,24300,0.0,0.0,1.0,0.0,0.0,0,0,1,0,0,0,0,0,0,0,0,0,0,0,0,0,0,0,0,0,0,0,0,0,0,256.2282094125786,265.22791414540615,0.004710268432423947,0.013986873725174567,0.3367634916118583
25,82,24600,0.0,0.0,0.9,0.1,0.0,0,0,1,0,0,0,0,0,0,0,0,0,0,0,0,0,0,0,0,0,0,0,0,0,0,297.17550801226855,289.51301475828967,0.005800843584677152,0.0059136359793851906,0.9809267267885222
25,83,24900,0.0,0.0,0.5,0.5,0.0,0,0,0,0,0,0,0,0,0,0,0,0,0,0,0,0,0,0,0,0,0,0,0,0,0,314.2745468074611,239.7455348941796,0.019901133232735214,0.03161399645607957,0.6295038737156593
25,84,25200,0.0,0.0,0.0,1.0,0.0,0,0,0,1,0,0,0,0,0,0,0,0,0,0,0,0,0,0,0,0,0,0,0,0,0,219.84997314703412,186.2727285778088,0.013490465999097775,0.02264702101366362,0.5956839087559718
25,85,25500,0.0,0.0,0.0,1.0,0.0,0,0,0,1,0,0,0,0,0,0,0,0,0,0,0,0,0,0,0,0,0,0,0,0,0,172.52847094971443,167.10950836576072,0.0017779793137906582,0.010581669308852315,0.16802446399484935
25,86,25800,0.2,0.0,0.0,0.8,0.0,0,0,0,1,0,0,0,0,0,0,0,0,0,0,0,0,0,0,0,1,0,0,0,0,0,187.72825905922335,182.23033259497242,0.002536548485949758,0.002347462285817729,1.0805491961572287
25,87,26100,0.0,0.2,0.8,0.0,0.0,0,0,1,0,0,0,0,0,0,0,0,0,0,0,0,0,0,0,0,0,0,0,0,0,0,330.4474857875151,404.411072346288,0.009602182860264805,0.018504150873871947,0.5189204803676339
25,88,26400,0.0,0.1,0.3,0.0,0.6,0,0,0,0,0,0,0,0,0,0,0,0,0,0,0,0,0,0,0,0,0,0,0,0,0,290.930924710989,334.04668657436787,0.003873019299089038,0.02633650486335407,0.14705897077778726
25,89,26700,0.0,0.3,0.0,0.0,0.7,0,0,0,0,1,0,0,0,0,0,0,0,0,0,0,0,0,0,0,0,0,0,0,0,0,297.41551497365475,339.3717361901677,0.008990792135294634,0.016653542513537286,0.5398726503977291
25,90,27000,0.0,0.0,0.0,0.0,1.0,0,0,0,0,1,0,0,0,0,0,0,0,0,0,0,0,0,0,0,0,0,0,0,0,0,226.50414914029048,228.66878407743866,0.010577916258794454,0.007692827510691668,1.3750361936613065
25,91,27300,0.0,0.2,0.0,0.0,0.8,0,0,0,0,1,0,0,0,0,0,0,0,0,0,0,0,0,0,0,0,0,0,0,0,0,278.5923375785329,192.5266968768177,0.021521113670597242,0.006349627849738676,3.389350396572133
25,92,27600,0.0,0.0,0.0,0.0,1.0,0,0,0,0,1,0,0,0,0,0,0,0,0,0,0,0,0,0,0,0,0,0,0,0,0,252.417245229167,248.20786219828727,0.003741983488393644,0.01653765994313083,0.2262704337410163
25,93,27900,0.0,0.0,0.0,0.0,1.0,0,0,0,0,1,0,0,0,0,0,0,0,0,0,0,0,0,0,0,0,0,0,0,0,0,262.7751376594281,293.38984422500664,0.008241909911251587,0.010390123966917667,0.7932446174361316
25,94,28200,0.0,0.0,0.0,0.0,1.0,0,0,0,0,1,0,0,0,0,0,0,0,0,0,0,0,0,0,0,0,0,0,0,0,0,520.8098020760659,374.79988240637863,0.035233063993589955,0.052459394562416134,0.6716254407333979
25,95,28500,0.0,0.0,0.0,0.0,1.0,0,0,0,0,1,0,0,0,0,0,0,0,0,0,0,0,0,0,0,0,0,0,0,0,0,231.07853307204405,217.94276453014456,0.002616311023691216,0.021753644459930777,0.12027000940050951
25,96,28800,0.2,0.2,0.0,0.0,0.6,0,0,0,0,0,0,0,0,0,0,0,0,0,0,0,0,0,0,0,0,0,0,0,0,0,275.81736890441977,240.1004118950468,0.01308420956573365,0.026064984298442388,0.5019841721721485
25,97,29100,0.0,0.2,0.8,0.0,0.0,0,0,1,0,0,0,0,0,0,0,0,0,0,0,0,0,0,0,0,0,0,0,0,0,0,275.3260454517244,265.2917712740426,0.01869491503204485,0.017504316630224608,1.0680174169018652
25,98,29400,0.0,0.0,0.25,0.0,0.0,0,0,0,0,0,0,0,0,0,0,0,0,0,0,0,0,0,0,0,0,0,0,0,0,0,305.31204540487863,265.09809505152293,0.010047908180656916,0.01014550726148384,0.9903800689003056
18,0,0,0.1,0.0,0.0,0.0,0.0,0,0,0,0,0,0,0,0,0,0,0,0,0,0,0,0,0,0,0,0,0,0,0,0,0,417.74542032715584,287.15322772080395,0.0351555682880175,0.06064677668061895,0.5796774406190701
18,1,300,0.7,0.3,0.0,0.0,0.0,1,0,0,0,0,0,0,0,0,0,0,0,0,0,0,0,0,0,0,0,0,0,0,0,0,67.67006272345101,29.37180672521003,0.0006929784757406861,0.0005122278722796876,1.3528714723323465
18,2,600,0.1,0.6,0.3,0.0,0.0,0,0,0,0,0,0,0,0,0,0,0,0,0,0,0,0,0,0,0,0,0,0,0,0,0,54.56814019467386,29.545325891773835,0.0004410493192996297,0.0006218838119690854,0.709214986482965
18,3,900,0.0,0.0,0.9,0.1,0.0,0,0,1,0,0,0,0,0,0,0,0,0,0,0,0,1,0,0,0,0,0,0,0,0,0,36.28249176511072,30.890714558812654,0.0003010744149559596,0.0006337387502326889,0.47507654352115053
18,4,1200,0.0,0.0,0.0,1.0,0.0,0,0,0,1,0,0,0,0,0,0,0,0,0,0,0,0,0,0,0,0,0,0,0,0,0,40.6991488470785,32.624779015151255,0.0002562627016626948,0.0004309685760778864,0.5946203873954419
18,5,1500,0.0,0.0,0.0,1.0,0.0,0,0,0,1,0,0,0,0,0,0,0,0,0,0,0,0,0,0,0,0,0,0,0,0,0,32.514530321600986,32.86185134598518,0.0001732257737578608,0.00019822035362755233,0.8739050788061085
18,6,1800,0.0,0.0,0.0,1.0,0.0,0,0,0,1,0,0,0,0,0,0,0,0,0,0,0,0,0,0,0,0,0,0,0,0,0,31.98802314419196,33.573326525205225,0.0001621856348967012,0.00022435629780437512,0.7228931680719616
18,7,2100,0.0,0.0,0.0,1.0,0.0,0,0,0,1,0,0,0,0,0,0,0,0,0,0,0,0,0,0,0,0,0,0,0,0,0,31.382105439046605,33.57277156289394,0.0001509073943735633,0.00013417073322949087,1.124741519564072
18,8,2400,0.0,0.0,0.0,1.0,0.0,0,0,0,1,0,0,0,0,0,0,0,0,0,0,0,0,0,0,0,0,0,0,0,0,0,31.968089972449242,35.87106241766246,0.00011160592675631579,0.0002853121384929061,0.3911713232596682
18,9,2700,0.0,0.0,0.0,1.0,0.0,0,0,0,1,0,0,0,0,0,0,0,0,0,0,0,0,0,0,0,0,0,0,0,0,0,39.826069315403586,37.81521284585451,0.0006347609687725713,0.0005802728955056841,1.0939007727035106
18,10,3000,0.0,0.0,0.0,1.0,0.0,0,0,0,1,0,0,0,0,0,0,0,0,0,0,0,0,0,0,0,0,0,0,0,0,0,30.425373398540565,33.6974186791987,0.00012856871083831754,0.00023306497271845613,0.5516432149314402
18,11,3300,0.0,0.0,0.0,1.0,0.0,0,0,0,1,0,0,0,0,0,0,0,0,0,0,0,0,0,0,0,0,0,0,0,0,0,34.420069433825745,33.808138487833816,0.0001897645761040029,0.00024107273955414644,0.787167294215697
18,12,3600,0.0,0.0,0.0,1.0,0.0,0,0,0,1,0,0,0,0,0,0,0,0,0,0,0,0,0,0,0,0,0,0,0,0,0,33.01949334970254,35.20956340324068,6.942303901122187e-05,0.00021973863400013337,0.3159346071623424
18,13,3900,0.1,0.2,0.2,0.5,0.0,0,0,0,0,0,0,0,0,0,0,0,0,0,0,0,0,0,0,0,0,0,0,0,0,0,102.75781378761033,53.85558064748284,0.003997122627235265,0.001736954076896761,2.301225277283391
18,14,4200,0.0,0.0,1.0,0.0,0.0,0,0,1,0,0,0,0,0,0,0,0,0,0,0,0,0,0,0,0,0,0,0,0,0,0,48.39082645264929,29.206994773358083,0.0008605341867900879,0.0011333012642309773,0.7593163565153344
18,15,4500,0.0,0.0,1.0,0.0,0.0,0,0,1,0,0,0,0,0,0,0,0,0,0,0,0,0,0,0,0,0,0,0,0,0,0,26.990552961624054,23.059879976162662,0.00011181674611549753,0.00015837724654458205,0.7060152171797097
18,16,4800,0.0,0.0,1.0,0.0,0.0,0,0,1,0,0,0,0,0,0,0,0,0,0,0,0,0,0,0,0,0,0,0,0,0,0,30.593820088558974,23.202196781400193,0.00019418255376742131,0.0001621090031266741,1.1978517542032168
18,17,5100,0.0,0.0,0.9,0.1,0.0,0,0,1,0,0,0,0,0,0,0,0,0,0,0,0,0,0,0,0,0,0,0,0,0,0,32.63711897801082,24.876167670059125,0.0001870106364979715,0.0005456478377234083,0.3427313801484688
18,18,5400,0.0,0.0,1.0,0.0,0.0,0,0,1,0,0,0,0,0,0,0,0,0,0,0,0,0,0,0,0,0,0,0,0,0,0,27.173099428896062,23.899282810330934,0.00010559768801805988,0.00022000619901572414,0.47997596654316393
18,19,5700,0.0,0.0,0.6,0.0,0.4,0,0,0,0,0,0,0,0,0,0,0,0,0,0,0,0,0,0,0,0,0,0,0,0,0,44.81553524676561,21.767176409588714,0.0002445395671337612,0.00022030954407682544,1.1099817221195207
18,20,6000,0.0,0.0,0.0,0.0,1.0,0,0,0,0,1,0,0,0,0,0,0,0,0,0,0,0,0,0,0,0,0,0,0,0,0,48.43368965969454,21.818583712930405,0.0006297955687896602,0.000146141019829532,4.309505774109781
18,21,6300,0.0,0.0,0.0,0.0,1.0,0,0,0,0,1,0,0,0,0,0,0,0,0,0,0,0,0,0,0,0,0,0,0,0,0,35.86404234366881,20.618318172111994,0.00024642286711851864,0.00014547442887288516,1.6939256543419168
18,22,6600,0.0,0.1,0.0,0.0,0.9,0,0,0,0,1,0,0,0,0,0,0,0,0,0,0,0,0,0,0,0,0,0,0,0,0,54.990767966046796,25.763109379101916,0.0010833913223088076,0.00037704048569217217,2.873408462541932
18,23,6900,0.0,0.5,0.2,0.0,0.3,0,0,0,0,0,0,0,0,0,0,0,0,0,0,0,0,0,0,0,0,0,0,0,0,0,83.95497012498076,49.77230362953407,0.002242945449614979,0.00263042007445127,0.8526947735079456
18,24,7200,1.0,0.0,0.0,0.0,0.0,1,0,0,0,0,0,0,0,0,0,0,0,0,0,0,0,0,0,0,0,0,0,0,0,0,83.25392746394282,46.03727441793216,0.0016644381011100518,0.0006394219740436259,2.603035504995786
18,25,7500,0.8,0.2,0.0,0.0,0.0,1,0,0,0,0,0,0,0,0,0,0,0,0,0,0,0,0,0,0,0,0,0,0,0,0,72.41081767552627,40.55154932297208,0.0003449615434576053,0.0003804577648006192,0.9067012829620763
18,26,7800,0.1,0.6,0.3,0.0,0.0,0,0,0,0,0,0,0,0,0,0,0,0,0,0,0,0,0,0,0,0,0,0,0,0,0,62.287473560836084,27.512718614035382,0.00030241339287881153,0.001390846184899602,0.21743122723569983
18,27,8100,0.8,0.0,0.2,0.0,0.0,1,0,0,0,0,0,0,0,0,0,0,0,0,0,0,0,0,0,0,0,0,0,0,0,0,90.15173875627995,43.497557402767065,0.0018698585439465808,0.0025339675549949253,0.7379173187362794
18,28,8400,1.0,0.0,0.0,0.0,0.0,1,0,0,0,0,0,0,0,0,0,0,0,0,0,0,0,0,0,0,0,0,0,0,0,0,76.21819022449606,38.17005654134359,0.00041986947889120915,0.0005976973055140002,0.7024784535880333
18,29,8700,1.0,0.0,0.0,0.0,0.0,1,0,0,0,0,0,0,0,0,0,0,0,0,0,0,0,0,0,0,0,0,0,0,0,0,56.94652081312201,38.719915858092094,0.0005379708565446405,0.00023957831909268544,2.2454905710249857
18,30,9000,1.0,0.0,0.0,0.0,0.0,1,0,0,0,0,0,0,0,0,0,0,0,0,0,0,0,0,0,0,0,0,0,0,0,0,9118.188443008954,9295.54191403653,0.5819775313065993,0.3474811632382095,1.674846273343557
18,31,9300,1.0,0.0,0.0,0.0,0.0,1,0,0,0,0,0,0,0,0,0,0,0,0,0,0,0,0,0,0,0,0,0,0,0,0,14078.042602821335,4358.281697290864,3.2944212166907083,0.10226570579474316,32.21433022036654
18,32,9600,1.0,0.0,0.0,0.0,0.0,1,0,0,0,0,0,0,0,0,0,0,0,0,0,0,0,0,0,0,0,0,0,0,0,0,57.30050836339505,27.176537290458814,0.0022855685774932203,0.000973872806062649,2.346886126468337
18,33,9900,1.0,0.0,0.0,0.0,0.0,1,0,0,0,0,0,0,0,0,0,0,0,0,0,0,0,0,0,0,0,0,0,0,0,0,40.37940220355777,21.798678189723738,0.0001405729222128732,0.0002034729939713904,0.6908677140350068
18,34,10200,1.0,0.0,0.0,0.0,0.0,1,0,0,0,0,0,0,0,0,0,0,0,0,0,0,0,0,0,0,0,0,0,0,0,0,65.98052020394702,34.37439166576051,0.0006214918548579162,0.00035353716316770094,1.757925105494809
18,35,10500,1.0,0.0,0.0,0.0,0.0,1,0,0,0,0,0,0,0,0,0,0,0,0,0,0,0,0,0,0,0,0,0,0,0,0,50.26966857752155,24.94633045139058,0.00029382536325343157,0.0002880331153038402,1.0201096597642296
18,36,10800,1.0,0.0,0.0,0.0,0.0,1,0,0,0,0,0,0,0,0,0,0,0,0,0,0,0,0,0,0,0,0,0,0,0,0,70.98477050826642,34.8500637890327,0.0015662072744506684,0.00026955411446629324,5.810363078863398
18,37,11100,1.0,0.0,0.0,0.0,0.0,1,0,0,0,0,0,0,0,0,0,0,0,0,0,0,0,0,0,0,0,0,0,0,0,0,65.03544567705353,32.45517270477006,0.00014350639087753748,0.0009643464083409198,0.1488120758643449
18,38,11400,1.0,0.0,0.0,0.0,0.0,1,0,0,0,0,0,0,0,0,0,0,0,0,0,0,0,0,0,0,0,0,0,0,0,0,90.77917432707117,48.412373677294525,0.0027901917582427165,0.0021558433141021906,1.2942460799405093
18,39,11700,1.0,0.0,0.0,0.0,0.0,1,0,0,0,0,0,0,0,0,0,0,0,0,0,0,0,0,0,0,0,0,0,0,0,0,67.62836757925383,38.434933558583865,0.0017907993707299674,0.0017924883644365058,0.9990577379803135
18,40,12000,1.0,0.0,0.0,0.0,0.0,1,0,0,0,0,0,0,0,0,0,0,0,0,0,0,0,0,0,0,0,0,0,0,0,0,62.844173221727544,36.95682639974689,0.0019631643592791528,0.0002359796532284429,8.319210289620555
18,41,12300,1.0,0.0,0.0,0.0,0.0,1,0,0,0,0,0,0,0,0,0,0,0,0,0,0,0,0,0,0,0,0,0,0,0,0,72.12594651407709,45.37103875015322,0.0005014273361613837,0.0003172175475977938,1.580704913579223
18,42,12600,1.0,0.0,0.0,0.0,0.0,1,0,0,0,0,0,0,0,0,0,0,0,0,0,0,0,0,0,0,0,0,0,0,0,0,63.19328416545485,28.20016399323708,0.002100504006706414,0.000624968777972999,3.3609743090192636
18,43,12900,1.0,0.0,0.0,0.0,0.0,1,0,0,0,0,0,0,0,0,0,0,0,0,0,0,0,0,0,0,0,0,0,0,0,0,60.18798283310725,24.522462977366487,0.0016814486236990454,0.00022243638869704177,7.559233601787959
18,44,13200,1.0,0.0,0.0,0.0,0.0,1,0,0,0,0,0,0,0,0,0,0,0,0,0,0,0,0,0,0,0,0,0,0,0,0,61.02545952608144,28.41995984604828,0.0011637810313883574,0.0018442785347699221,0.6310223805394676
18,45,13500,1.0,0.0,0.0,0.0,0.0,1,0,0,0,0,0,0,0,0,0,0,0,0,0,0,0,0,0,0,0,0,0,0,0,0,56.60382019373293,31.8148218736612,0.0009883271426843934,0.00021449166010287075,4.607764899625417
18,46,13800,1.0,0.0,0.0,0.0,0.0,1,0,0,0,0,0,0,0,0,0,0,0,0,0,0,0,0,0,0,0,0,0,0,0,0,76.69298083122865,36.27465888447189,0.0009553768274940788,0.0010385383273136346,0.9199244768995016
18,47,14100,1.0,0.0,0.0,0.0,0.0,1,0,0,0,0,0,0,0,0,0,0,0,0,0,0,0,0,0,0,0,0,0,0,0,0,74.83129674716336,34.26755807928192,0.0021130922058535456,0.0006214595742121034,3.400208627459893
18,48,14400,1.0,0.0,0.0,0.0,0.0,1,0,0,0,0,0,0,0,0,0,0,0,0,0,0,0,0,0,0,0,0,0,0,0,0,56.528753062756074,27.460448764355068,0.00012119351136680977,0.0003332447213868998,0.36367721253745866
18,49,14700,1.0,0.0,0.0,0.0,0.0,1,0,0,0,0,0,0,0,0,0,0,0,0,0,0,0,0,0,0,0,0,0,0,0,0,98.32107598480452,55.66325790687907,0.0008829474238917158,0.001447323908040833,0.6100551638692376
18,50,15000,1.0,0.0,0.0,0.0,0.0,1,0,0,0,0,0,0,0,0,0,0,0,0,0,0,0,0,0,0,0,0,0,0,0,0,61.07960023373757,24.457002482195985,0.00016681778559044045,0.00021971975936552586,0.759229784668216
18,51,15300,0.7,0.3,0.0,0.0,0.0,1,0,0,0,0,1,0,0,0,0,0,0,0,0,0,0,0,0,0,0,0,0,0,0,0,47.107221125103194,24.233710555050724,0.0004273304215790825,0.00031200269783407245,1.3696369439931668
18,52,15600,0.1,0.9,0.0,0.0,0.0,0,1,0,0,0,0,0,0,0,0,0,0,0,0,0,0,0,0,0,0,0,0,0,0,0,51.45440472018821,26.990232840960918,0.0009480023608086962,0.0003720397713729031,2.5481210175739353
18,53,15900,0.0,0.4,0.6,0.0,0.0,0,0,0,0,0,0,0,0,0,0,0,0,0,0,0,0,0,0,0,0,0,0,0,0,0,57.77342808749861,33.608850281987806,0.001068265324291377,0.0009169710243987869,1.164993544907034
18,54,16200,0.0,0.0,1.0,0.0,0.0,0,0,1,0,0,0,0,0,0,0,0,0,0,0,0,0,0,0,0,0,0,0,0,0,0,78.37988189707876,44.079862143297966,0.002566290963079194,0.0036596822812246946,0.7012332672278855
18,55,16500,0.0,0.0,1.0,0.0,0.0,0,0,1,0,0,0,0,0,0,0,0,0,0,0,0,0,0,0,0,0,0,0,0,0,0,71.09140217045916,45.96470674554346,0.00130500191510849,0.0014074548738293936,0.9272069317276579
18,56,16800,0.0,0.0,1.0,0.0,0.0,0,0,1,0,0,0,0,0,0,0,0,0,0,0,0,0,0,0,0,0,0,0,0,0,0,61.893111264987034,48.39279301822454,0.00035491649248790553,0.001157552233989961,0.306609483413587
18,57,17100,0.0,0.0,1.0,0.0,0.0,0,0,1,0,0,0,0,0,0,0,0,0,0,0,0,0,0,0,0,0,0,0,0,0,0,65.68893191739417,56.11133001374398,0.0004569132591193884,0.0004300780552146729,1.0623961245623674
18,58,17400,0.0,0.0,1.0,0.0,0.0,0,0,1,0,0,0,0,0,0,0,0,0,0,0,0,0,0,0,0,0,0,0,0,0,0,81.97391456166531,48.573797392379305,0.004541934556400808,0.001382190396983683,3.2860411751612153
18,59,17700,0.0,0.0,0.5,0.0,0.0,0,0,0,0,0,0,0,0,0,0,0,0,0,0,0,0,0,0,0,0,0,0,0,0,0,69.47765995345758,39.493406622767715,0.0016767664994369273,0.002780940896688192,0.6029493476232378
18,60,18000,0.0,0.0,0.0,0.0,0.0,0,0,0,0,0,0,0,0,0,0,0,0,0,0,0,0,0,0,0,0,0,0,0,0,0,31.770936208156968,27.604410158633772,0.0002486263913126458,0.0004241327022308002,0.5861995314319122
18,61,18300,0.0,0.0,0.0,0.0,0.0,0,0,0,0,0,0,0,0,0,0,0,0,0,0,0,0,0,0,0,0,0,0,0,0,0,36.18443134016327,28.433515237111934,0.0008569547406691332,0.00038511910492055424,2.22516808363977
18,62,18600,0.0,0.0,0.0,0.0,0.0,0,0,0,0,0,0,0,0,0,0,0,0,0,0,0,0,0,0,0,0,0,0,0,0,0,46.21912949044201,34.25367550643187,0.0005016366812507618,0.00023737768392966273,2.113242799181584
18,63,18900,0.0,0.0,0.0,0.0,0.0,0,0,0,0,0,0,0,0,0,0,0,0,0,0,0,0,0,0,0,0,0,0,0,0,0,80.47314721176284,35.949338642137754,0.0017793360286383715,0.0006625718316637904,2.6854990562612118
18,64,19200,0.0,0.0,0.0,0.0,0.0,0,0,0,0,0,0,0,0,0,0,0,0,0,0,0,0,0,0,0,0,0,0,0,0,0,68.14793821086407,40.16431621845218,0.001335045286653679,0.0006811358321803651,1.9600279761822286
18,65,19500,0.0,0.0,0.0,0.0,0.0,0,0,0,0,0,0,0,0,0,0,0,0,0,0,0,0,0,0,0,0,0,0,0,0,0,86.5546356001865,32.54528403351262,0.0016725520207383072,0.0009493370081038284,1.7618106177899906
18,66,19800,0.0,0.0,0.0,0.0,0.0,0,0,0,0,0,0,0,0,0,0,0,0,0,0,0,0,0,0,0,0,0,0,0,0,0,64.16388130729756,28.533845304705096,0.0006289016872403932,0.0008050301131018121,0.7812151086090566
18,67,20100,0.0,0.0,0.0,0.0,0.0,0,0,0,0,0,0,0,0,0,0,0,0,0,0,0,0,0,0,0,0,0,0,0,0,0,66.72143424846706,34.69741565208729,0.0009917984338605745,0.0014493859791640422,0.6842886906030449
18,68,20400,0.0,0.0,0.0,0.0,0.0,0,0,0,0,0,0,0,0,0,0,0,0,0,0,0,0,0,0,0,0,0,0,0,0,0,45.40045582245896,31.402848420000563,0.00021228564237843394,0.001867077530552992,0.11369942538784615
18,69,20700,0.0,0.0,0.0,0.0,0.0,0,0,0,0,0,0,0,0,0,0,0,0,0,0,0,0,0,0,0,0,0,0,0,0,0,35.62615731804283,30.590129351473504,7.76984137496548e-05,0.0002427063787106079,0.32013338158820653
18,70,21000,0.0,0.0,0.0,0.0,0.0,0,0,0,0,0,0,0,0,0,0,0,0,0,0,0,0,0,0,0,0,0,0,0,0,0,56.86370752233266,32.177081647420444,0.0008586428640233938,0.00087042570329689,0.9864631303638361
18,71,21300,0.0,0.0,0.0,0.0,0.0,0,0,0,0,0,0,0,0,0,0,0,0,0,0,0,0,0,0,0,0,0,0,0,0,0,34.68168839639288,28.200420185140494,0.0005790055812711568,0.00011224116136937248,5.158585087744392
18,72,21600,0.0,0.0,0.0,0.0,0.0,0,0,0,0,0,0,0,0,0,0,0,0,0,0,0,0,0,0,0,0,0,0,0,0,0,37.42800507888571,29.625613511733523,0.0007239365779070692,0.00043986144787863245,1.6458286612715816
18,73,21900,0.0,0.0,0.0,0.0,0.0,0,0,0,0,0,0,0,0,0,0,0,0,0,0,0,0,0,0,0,0,0,0,0,0,0,32.359919217952175,29.630426917591777,0.00017016162181633234,0.00035349439329681605,0.48137007274526694
18,74,22200,0.0,0.0,0.0,0.0,0.0,0,0,0,0,0,0,0,0,0,0,0,0,0,0,0,0,0,0,0,0,0,0,0,0,0,43.754195235019615,30.407235980868915,0.0007372350270611693,0.00041448533131348644,1.7786757971021623
18,75,22500,0.0,0.0,0.0,0.0,0.0,0,0,0,0,0,0,0,0,0,0,0,0,0,0,0,0,0,0,0,0,0,0,0,0,0,36.41960121067799,30.99201817099222,0.0002815176414790466,0.00023467207036623693,1.1996214165567336
18,76,22800,0.0,0.0,0.0,0.0,0.0,0,0,0,0,0,0,0,0,0,0,0,0,0,0,0,0,0,0,0,0,0,0,0,0,0,41.605843019193756,32.02386566329785,0.00045770965144452586,0.00053869867448853,0.8496580242732181
18,77,23100,0.0,0.0,0.0,0.0,0.0,0,0,0,0,0,0,0,0,0,0,0,0,0,0,0,0,0,0,0,0,0,0,0,0,0,78.06837891309078,54.43328885103092,0.001920459561381709,0.0007491126280487275,2.56364595853107
18,78,23400,0.0,0.0,0.0,0.0,0.0,0,0,0,0,0,0,0,0,0,0,0,0,0,0,0,0,0,0,0,0,0,0,0,0,0,55.38475986760365,37.08006752899769,0.0008237352339996865,0.000955379208383639,0.8622076205670471
18,79,23700,0.0,0.0,0.0,0.0,0.0,0,0,0,0,0,0,0,0,0,0,0,0,0,0,0,0,0,0,0,0,0,0,0,0,0,114.14073806947381,48.649811878622984,0.005601432681082417,0.00201295734595634,2.782688213605053
18,80,24000,0.0,0.0,0.0,0.0,0.0,0,0,0,0,0,0,0,0,0,0,0,0,0,0,0,0,0,0,0,0,0,0,0,0,0,117.83075374322563,52.848807257579125,0.0014388001271825447,0.005799106399726075,0.24810721307864042
18,81,24300,0.0,0.0,0.0,0.0,0.0,0,0,0,0,0,0,0,0,0,0,0,0,0,0,0,0,0,0,0,0,0,0,0,0,0,86.5969663163004,39.258556592754246,0.0019454092650558245,0.0020111964764572368,0.9672895153847436
18,82,24600,0.0,0.0,0.0,0.0,0.0,0,0,0,0,0,0,0,0,0,0,0,0,0,0,0,0,0,0,0,0,0,0,0,0,0,119.33453283668734,42.87145521747777,0.0015120526779434985,0.001416468775714205,1.0674804159951203
18,83,24900,0.0,0.0,0.0,0.0,0.0,0,0,0,0,0,0,0,0,0,0,0,0,0,0,0,0,0,0,0,0,0,0,0,0,0,122.82704549343364,43.7590919867136,0.004314206935287787,0.0014638710701629335,2.9471222044217336
18,84,25200,0.0,0.0,0.0,0.0,0.0,0,0,0,0,0,0,0,0,0,0,0,0,0,0,0,0,0,0,0,0,0,0,0,0,0,75.27774044833828,45.28207362927598,0.001278747975465285,0.0029287530401347806,0.4366185738236356
18,85,25500,0.0,0.0,0.0,0.0,0.0,0,0,0,0,0,0,0,0,0,0,0,0,0,0,0,0,0,0,0,0,0,0,0,0,0,101.69591962316326,41.306973087531304,0.004969799021742029,0.0003485225284889782,14.259620585471552
18,86,25800,0.0,0.0,0.0,0.0,0.0,0,0,0,0,0,0,0,0,0,0,0,0,0,0,0,0,0,0,0,0,0,0,0,0,0,119.59803630389119,44.44466193223662,0.0031994307981962787,0.0010920884178521146,2.92964447374034
18,87,26100,0.0,0.0,0.0,0.0,0.0,0,0,0,0,0,0,0,0,0,0,0,0,0,0,0,0,0,0,0,0,0,0,0,0,0,82.80575637618219,37.0068912500396,0.002102634249657974,0.0011878270494171499,1.7701518505490401
18,88,26400,0.0,0.0,0.0,0.0,0.0,0,0,0,0,0,0,0,0,0,0,0,0,0,0,0,0,0,0,0,0,0,0,0,0,0,115.68481261953202,59.588805056587304,0.003779644322973965,0.0015757660616460118,2.398607518571525
18,89,26700,0.0,0.0,0.0,0.0,0.0,0,0,0,0,0,0,0,0,0,0,0,0,0,0,0,0,0,0,0,0,0,0,0,0,0,81.59427935911094,45.67360889896789,0.0008138348598542989,0.0023443263950594716,0.34715083256726004
18,90,27000,0.0,0.0,0.0,0.0,0.0,0,0,0,0,0,0,0,0,0,0,0,0,0,0,0,0,0,0,0,0,0,0,0,0,0,123.69267148320627,92.25258928561126,0.005743104313930416,0.0033669504529606127,1.7057287875681135
